lat,lon,date,n_grouped,pf_observed,pf_depth,obs_depth,obs_limit,source,transect_point,org_thick,rock,Soil Type,rocky/silty,Wildfire,Widlfire date/name,Burn Year,Canopy and Surface
63.15440485531035,-117.23101990344831,2019-08-15,145,1,,,,Bonaventure_Whati,,,,,,,,,
66.26713080131599,-150.3496964771416,2016-09-02,25,0,108.7,147.1818181818182,137.96,Minsley_2017,,6.636363636363637,,,,,,,
65.82426480036365,-149.60142873818182,2015-02-23,55,1,93.17021276595744,111.54545454545455,132.0,Minsley_2015,,10.526315789473685,,,,,,,
65.77196002418309,-149.40321241831754,2015-11-12,162,1,119.83333333333333,120.34615384615384,131.5,Minsley_2015,,9.03448275862069,,,,,,,
65.882,-149.66733319999997,2008-08-17,5,1,54.6,92.0,,Pastick,,16.0,N,,,,,,
65.5690199005732,-148.9250360844834,2014-06-10,243,1,52.019204389574774,51.14799446749654,132.87719298245614,Schaefer_2020,,6.85,,,,,,,
65.34074438499813,-146.91477980987702,2014-02-24,226,1,35.16275430359936,36.88786482334869,130.525,Schaefer_2020,,13.555555555555555,,,,,,,
65.2424477443835,-148.1281877185098,2016-04-20,77,1,55.357142857142854,65.64615384615385,131.1038961038961,Minsley_2017,,14.813559322033898,,,,,,,
60.194365000000005,-116.664905,1990-08-15,4,0,,,,Holloway_2019,,16.5,,Sand and gravel,,,,,"Poplar, birch, spruce, jack pine"
60.27525,-116.56372666666668,1990-08-15,6,1,100.0,100.0,,Holloway_2019,,43.833333333333336,,"Silt, sand, clay",,,,,"Spruce, willow, birch, tamarack; moss, lab tea, sedge, wet"
60.33794,-116.46609,1990-08-15,2,0,69.0,69.0,,Holloway_2019,,153.0,,Scattered stones,,,,,"Spruce, jack pine, poplar; moss, willow"
60.429155,-116.35355,1990-08-15,4,0,67.5,67.5,,Holloway_2019,,52.333333333333336,,"Clay, silt, some stones",,,,,"Jack pine, poplar; forest litter"
60.47643,-116.32198,1990-08-15,4,0,99.0,99.0,,Holloway_2019,,60.25,,"Silt, sand, some stones",,,,,"Tamarack, willow, spruce; sedge, moss, wet"
60.50204666666667,-116.27551,1990-08-15,6,0,101.5,101.5,,Holloway_2019,,40.25,,"Sand, silt, clay, some stones",,,,,"Spruce, tamarack, willow; Wet moss"
60.55503,-116.15326,1990-08-15,2,0,,,,Holloway_2019,,20.0,,Sand,,,,,"Spruce, jack pine, tamarack; Moss, lichen, sedge"
60.59406,-116.09645250000001,1990-08-15,8,0,113.0,113.0,,Holloway_2019,,43.0,,Sand,,,,,"Poplar, jack pine, spruce"
60.66999,-115.983745,1990-08-15,4,1,57.0,57.0,,Holloway_2019,,55.5,,,,,,,"Spruce, tamarack, willow; grass, labrador tea, moss"
60.711796666666665,-115.89590000000003,1990-08-15,6,0,115.0,115.0,,Holloway_2019,,30.333333333333332,,Sand and gravel,,,,,"Poplar, spruce, tamarack; Moss, willow, lab tea"
60.75907,-115.8616,1990-08-15,2,1,66.5,66.5,,Holloway_2019,,88.0,,"Clay, silt, with some stones",,,,1971,"Spruce; moss, lab tea, willow, birch."
60.8169,-115.794295,1962-08-15,2,0,,,,Holloway_2019,,,,,,,,,"Jack pine, poplar, spruce"
59.35570666666666,-117.32839333333334,1990-08-15,6,1,91.0,91.0,,Holloway_2019,,99.2,,"Clay, Silt",,,,2012,"Spruce, birch; hummocky sphagnum and moss, lab tea, horsetails, peat plateau "
59.42705500000001,-117.258265,1990-08-15,4,1,88.5,88.5,,Holloway_2019,,75.33333333333333,,"Silt, clay",,,,2007,"Spruce; hummocky sphagnum and moss, lab tea"
59.53539,-117.18638,1990-08-15,4,1,62.0,62.0,,Holloway_2019,,69.5,,"Silt, clay",,,,,"Spruce; hummocky moss, lab tea, lichen"
59.603142000000005,-117.180464,1990-08-15,10,1,111.42857142857143,111.42857142857143,,Holloway_2019,,54.111111111111114,,Sand,,,,,Spruce; sphagnum
59.70655,-117.119505,1990-08-15,4,0,85.5,85.5,,Holloway_2019,,50.666666666666664,,Sand and gravel,,,,,"Poplar, spruce"
59.789814,-117.062886,1990-08-15,10,1,73.14285714285714,73.14285714285714,,Holloway_2019,,70.22222222222223,,"Clay, silt",,,,2012,Spruce; hummocky sphangum
59.89739571428572,-117.03996285714285,1990-08-15,14,1,88.5,88.5,,Holloway_2019,,53.46153846153846,,"Clay, silt",,,,,"Spruce; hummocky sphagnum, lichen, lab tea"
59.944711999999996,-117.024935,1985-01-07,10,1,61.2,61.2,,Holloway_2019,,61.0,,,,,,,Spruce; hummocky sphagnum
59.9962,-116.9896,1990-08-15,2,1,57.0,57.0,,Holloway_2019,,85.5,,"Clay, silt, sand",,,,,"Spruce; hummocky sphagnum and moss, lichen, lab tea, cranberry"
60.03948,-116.87433,1990-08-15,2,1,65.5,65.5,,Holloway_2019,,128.5,,"Clay, silt",,,,,"Spruce, tamarack, jack pine; hummocky sphagnum, lichen, lab tea"
60.10029,-116.76576,1990-08-15,2,0,,,,Holloway_2019,,27.0,,"Organic sand, silt, clay",,,,,"Poplar, birch, spruce, tamarack, willow; moss, lab tea"
59.15222,-117.62243333333333,1990-08-15,6,1,64.0,64.0,,Holloway_2019,,68.0,,"Silt, sand, gravel",,,,,"Spruce; sphagnum, moss"
59.20103,-117.53072,1990-08-15,2,0,61.0,61.0,,Holloway_2019,,43.0,,"Clay, sand, gravel",,,,,Grass
58.968680000000006,-117.60813999999999,1990-08-15,6,0,61.0,61.0,,Holloway_2019,,77.25,,Gravel,,,,,"Poplar, jack pine, spruce"
58.79031,-117.39533,1990-08-15,2,1,127.5,127.5,,Holloway_2019,,97.0,,Gravel,,,,,"Spruce, tamarack; sphagnum, sedge, lab tea, cranberry, cloudberry"
58.00439,-117.19946,1990-08-15,2,0,76.0,76.0,,Holloway_2019,,131.5,,"Sand, organics",,,,,"Spruce; hummocky sphagnum, lichen, lab tea"
57.78849,-117.689978,1985-01-07,5,1,86.33333333333333,86.33333333333333,,Holloway_2019,,76.0,,,,,,,Spruce; sphagnum
64.69854282266408,-148.31964908224072,2017-12-05,775,1,77.6492403932082,69.7326565143824,149.14754098360655,James_2019,1.0,11.079365079365079,,,,,,,
64.75224435757515,-148.11624147137172,2014-04-03,110,1,88.63636363636364,112.61818181818182,132.0,Minsley_2015,1.0,12.1875,,,,,,,
64.74816223759734,-147.96383873556107,1998-01-10,43,0,18.046511627906977,101.90697674418605,,Pastick,4.0,19.186046511627907,N,,,,,,
64.75495114183828,-147.79954807098767,1997-08-14,17,1,38.411764705882355,77.41176470588235,,Pastick,4.0,27.705882352941178,N,,,,,,
64.83080425531254,-148.43825524861128,2003-07-04,6,1,42.166666666666664,79.33333333333333,,Pastick,2.0,25.833333333333332,N,,,,,,
64.82106438194866,-148.1318428540959,2002-07-18,38,0,12.157894736842104,78.8157894736842,,Pastick,3.0,14.263157894736842,Y,,,,,,
64.83036044298318,-147.96355204253194,2006-12-12,14,0,27.90909090909091,101.92857142857143,101.0,Pastick,2.0,13.555555555555555,N,,,,,,
64.86830945512617,-147.73865282226922,2014-03-16,167,1,59.75654191217564,62.942170654690614,,Schaefer_2020,1.0,7.75,N,,,,,,
64.83924822560797,-147.62535119136916,1997-07-27,7,0,0.0,118.28571428571429,,Pastick,1.0,10.0,N,,,,,,
64.89242284355853,-148.37068878359187,2003-06-19,3,0,16.0,67.33333333333333,,Pastick,4.0,34.333333333333336,Y,,,,,,
64.89624389640431,-148.11084018575664,2002-09-15,27,0,18.296296296296298,73.96296296296296,,Pastick,2.0,11.185185185185185,Y,,,,,,
64.8973578803861,-148.05910742533848,2002-09-12,5,0,0.0,84.6,,Pastick,1.0,12.0,Y,,,,,,
64.890636235305,-147.75889916286025,2016-09-08,396,1,69.92041748266261,66.53089406844066,31.153246753246755,Schaefer_2020,9.0,10.5,,,,,,,
64.95098618009804,-147.6153705137255,2016-08-16,102,1,69.05882352941177,69.05882352941177,101.0,Schaefer_2020,,,,,,,,,
65.02957686333332,-147.69929554761907,2021-09-14,21,1,63.5625,79.85714285714286,132.0,Minsley_2021,,,,,,,,,
65.65681906923076,-156.47290696923076,2018-07-08,104,0,,,,Koyukuk_2018,,,,,,,,,
65.67970779784315,-156.37291033137254,2018-07-08,51,0,,,,Koyukuk_2018,,,,,,,,,
65.74851270238638,-156.5127665147727,2018-07-08,88,0,,,,Koyukuk_2018,,,,,,,,,
65.72766029704545,-156.2802483477273,2018-07-08,44,1,61.26,61.26,100.0,Koyukuk_2018,,,,,,,,,
65.84032555376471,-156.32042538235297,2018-07-08,85,0,,,,Koyukuk_2018,,,,,,,,,
66.17172612285714,-150.2073255761905,2015-08-29,21,0,129.2,162.28571428571428,132.0,Minsley_2015,,8.904761904761905,,,,,,,
66.43107444352272,-150.56141636704547,2015-12-25,88,1,45.81818181818182,45.81818181818182,132.0,Minsley_2015,,37.83783783783784,,,,,,,
67.09008110348147,-150.34998180814813,2014-11-16,135,1,48.925925925925924,48.925925925925924,132.0,Schaefer_2020,,40.0,,,,,,,
68.49333270047374,-149.50015098712927,2014-12-10,4180,1,48.586720893142015,48.59270175438597,101.0,Schaefer_2020,,,,,,,,,
68.63790933513107,-149.4650448318097,2014-04-02,15030,1,48.15441129461856,48.15786375441166,131.6172839506173,Schaefer_2020,,15.15,,,,,,,
68.65134036065434,-149.24613688371733,2014-10-02,3820,1,47.110041884816894,47.11004188481676,,Schaefer_2020,,,,,,,,,
68.65836110940634,-149.24347404134434,2014-08-13,4835,1,44.172357807653086,44.17235780765254,,Schaefer_2020,,,,,,,,,
64.21293791414865,-149.33252201897878,2002-04-14,61,0,10.524590163934427,78.37704918032787,,Pastick,5.0,11.78688524590164,N,,,,,,
64.2146303789584,-149.14440491858895,2003-08-09,15,0,21.066666666666666,81.2,,Pastick,3.0,15.933333333333334,N,,,,,,
64.30494532693203,-149.1563033015877,2003-07-27,9,0,14.88888888888889,111.55555555555556,,Pastick,1.0,9.222222222222221,N,,,,,,
64.35923848262887,-149.12141594624808,2003-08-08,16,0,18.5,90.375,,Pastick,1.0,28.375,N,,,,,,
64.39709086050001,-149.01062483,2015-08-29,20,1,107.0,147.44444444444446,132.0,Minsley_2015,,11.882352941176471,,,,,,,
65.65391415815286,-149.08938719171974,2017-05-31,157,1,82.875,91.45859872611464,132.0,Minsley_2017,,8.516129032258064,,,,,,,
66.89780788,-150.51982676,2016-09-07,25,1,73.3125,136.92,132.0,Minsley_2017,,30.0,,,,,,,
65.50144018421051,-150.17687855263156,2008-06-21,38,0,32.18421052631579,118.92105263157895,,Pastick,,9.894736842105264,N,,,,,,
65.66993607692308,-149.78774573076925,2008-07-05,26,1,36.26923076923077,90.6923076923077,,Pastick,,12.192307692307692,N,,,,,,
65.97980769230769,-149.25557684615382,2008-08-01,13,1,43.92307692307692,118.0,,Pastick,,10.307692307692308,N,,,,,,
66.00109934042553,-149.04817965957446,2008-07-23,47,1,56.234042553191486,109.42553191489361,,Pastick,,12.340425531914894,N,,,,,,
66.03367499999999,-149.2674985,2008-09-14,2,1,38.5,65.0,,Pastick,,30.0,N,,,,,,
65.83333355555555,-149.93629633333336,2008-08-15,9,0,0.0,108.88888888888889,,Pastick,,6.333333333333333,N,,,,,,
65.95055550000001,-149.89236125000002,2008-08-19,4,0,13.75,82.5,,Pastick,,9.25,Y,,,,,,
66.3233888,-145.4673332,2010-07-29,5,1,51.6,141.4,,Pastick,,30.4,N,,,,,,
66.3200558,-145.3048892,2010-07-28,5,0,5.6,98.0,,Pastick,,14.8,N,,,,,,
66.301770875,-145.08791675,2010-09-24,8,1,81.5,81.75,,Pastick,,26.625,N,,,,,,
66.28427093749998,-144.8145139375,2010-10-06,16,1,50.6875,99.0,,Pastick,,19.25,N,,,,,,
66.421111,-145.2770835,2010-07-27,2,0,33.0,133.0,,Pastick,,19.0,N,,,,,,
66.374514,-145.11152775,2010-07-16,4,0,0.0,109.75,,Pastick,,9.25,N,,,,,,
66.40344459999999,-144.88633339999998,2010-09-10,5,1,61.8,123.8,,Pastick,,7.8,N,,,,,,
66.46769828571429,-145.79559514285714,2010-07-29,7,0,26.571428571428573,126.42857142857143,,Pastick,,17.285714285714285,N,,,,,,
66.45682542857143,-145.2884127142857,2010-09-15,14,1,43.785714285714285,112.35714285714286,,Pastick,,12.5,N,,,,,,
66.47402762499999,-145.11822925,2011-03-12,8,0,0.0,144.875,,Pastick,,5.0,N,,,,,,
66.55836795833335,-146.02771987499997,2010-07-31,24,0,41.166666666666664,128.41666666666666,,Pastick,,7.916666666666667,N,,,,,,
66.55919190909091,-145.77631318181818,2010-07-05,11,0,15.363636363636363,115.27272727272727,,Pastick,,4.454545454545454,N,,,,,,
66.552284,-145.47114188888887,2010-06-24,9,1,42.111111111111114,72.77777777777777,,Pastick,,11.88888888888889,N,,,,,,
66.55837314285715,-145.3648017142857,2010-07-22,7,0,47.714285714285715,117.57142857142857,,Pastick,,5.571428571428571,N,,,,,,
66.5553055,-145.1969166,2010-07-23,10,0,59.9,144.8,,Pastick,,9.8,N,,,,,,
66.5237222,-144.697111,2011-08-20,5,1,113.6,113.6,,Pastick,,19.6,N,,,,,,
66.6313611,-146.03872230000002,2010-08-14,10,1,65.1,141.3,,Pastick,,6.4,N,,,,,,
66.63725933333333,-145.7595741333333,2010-10-01,30,1,74.56666666666666,116.93333333333334,,Pastick,,9.8,N,,,,,,
66.61814816666667,-145.57824083333335,2010-09-05,6,1,47.666666666666664,104.5,,Pastick,,9.666666666666666,N,,,,,,
66.62243559090908,-145.3186591363636,2010-09-01,22,1,92.22727272727273,131.22727272727272,,Pastick,,7.090909090909091,N,,,,,,
66.65459872222222,-145.11293194444445,2010-10-12,18,1,69.44444444444444,149.55555555555554,,Pastick,,4.722222222222222,N,,,,,,
66.64473251851851,-144.86041148148146,2010-08-11,27,0,68.0,149.03703703703704,,Pastick,,7.111111111111111,N,,,,,,
66.6602224,-144.73883299999997,2010-08-10,5,0,0.0,94.6,,Pastick,,3.2,N,,,,,,
66.70851833333334,-146.02574083333334,2011-09-05,6,0,49.166666666666664,150.5,,Pastick,,1.8333333333333333,N,,,,,,
66.73508553846155,-145.80079053846154,2011-08-14,13,1,56.92307692307692,121.15384615384616,,Pastick,,15.538461538461538,N,,,,,,
66.725278,-145.52625,2011-09-02,4,0,62.5,162.5,,Pastick,,9.0,N,,,,,,
66.70240733333333,-144.71787033333334,2010-08-19,3,1,130.33333333333334,130.33333333333334,,Pastick,,0.0,N,,,,,,
66.80944433333333,-145.88240766666667,2011-09-28,3,1,156.33333333333334,156.33333333333334,,Pastick,,8.333333333333334,N,,,,,,
66.27460328571429,-146.88932514285713,2010-07-08,7,0,37.57142857142857,130.14285714285714,,Pastick,,25.0,N,,,,,,
66.26958316666666,-146.6252315,2010-09-25,6,0,14.5,130.0,,Pastick,,10.666666666666666,N,,,,,,
66.23914145454545,-146.50674254545453,2011-01-19,11,1,64.0909090909091,100.9090909090909,,Pastick,,16.0,N,,,,,,
66.26217181818183,-146.22770200000002,2011-09-10,11,1,71.27272727272727,136.27272727272728,,Pastick,,16.818181818181817,N,,,,,,
66.2723332,-146.05416680000002,2011-09-06,5,1,70.2,140.2,,Pastick,,5.6,N,,,,,,
66.34787044444442,-146.87858033333336,2010-07-14,9,0,26.22222222222222,99.33333333333333,,Pastick,,13.0,N,,,,,,
66.33708561538461,-146.61350946153846,2010-07-19,13,0,8.846153846153847,128.69230769230768,,Pastick,,8.846153846153847,N,,,,,,
66.34213676923078,-146.4027563846154,2011-01-24,13,0,58.53846153846154,158.46153846153845,,Pastick,,9.307692307692308,N,,,,,,
66.394340375,-146.45951387499997,2011-02-18,8,0,28.375,133.0,,Pastick,,13.875,N,,,,,,
66.44099871428571,-146.190119,2010-08-15,7,0,35.42857142857143,152.28571428571428,,Pastick,,11.857142857142858,N,,,,,,
66.60458341666667,-146.84715291666666,2011-08-25,12,1,64.58333333333333,122.08333333333333,,Pastick,,30.5,N,,,,,,
66.6238021875,-146.5394791875,2010-07-14,16,0,5.4375,114.125,,Pastick,,9.8125,N,,,,,,
66.70643533333333,-146.542037,2010-07-14,6,0,0.0,116.83333333333333,,Pastick,,10.0,N,,,,,,
65.19416655555555,-145.38388877777777,2011-07-24,9,0,17.555555555555557,83.88888888888889,,Pastick,,13.666666666666666,N,,,,,,
65.2506945,-145.176111,2011-07-10,2,1,48.5,48.5,,Pastick,,44.5,N,,,,,,
65.29621199999998,-145.2933838181818,2011-07-18,11,0,8.181818181818182,110.9090909090909,,Pastick,,13.363636363636363,N,,,,,,
65.29196584615384,-145.13138876923077,2011-08-03,13,0,25.46153846153846,64.07692307692308,,Pastick,,18.53846153846154,N,,,,,,
65.3018055,-144.90013875,2011-07-09,4,0,11.75,59.5,,Pastick,,12.75,Y,,,,,,
65.30552466666667,-144.69166666666666,2011-07-06,9,0,8.88888888888889,53.77777777777778,,Pastick,,22.444444444444443,N,,,,,,
65.33277774999999,-144.28597225,2011-07-31,4,0,32.75,67.25,,Pastick,,21.5,Y,,,,,,
65.37527773333333,-145.3082592,2011-07-15,15,0,8.666666666666666,78.13333333333334,,Pastick,,12.533333333333333,N,,,,,,
65.40592600000001,-144.86263883333334,2011-07-19,6,1,29.666666666666668,82.83333333333333,,Pastick,,17.833333333333332,N,,,,,,
65.4126028888889,-144.7016254814815,2011-07-07,27,1,19.48148148148148,54.44444444444444,,Pastick,,21.444444444444443,N,,,,,,
65.3750554,-144.5873888,2011-08-07,5,0,19.6,46.6,,Pastick,,17.4,Y,,,,,,
65.37150466666667,-144.29393516666667,2011-07-20,12,0,24.583333333333332,84.33333333333333,,Pastick,,21.0,N,,,,,,
65.50163566666667,-145.27330244444445,2011-07-26,9,1,41.888888888888886,70.33333333333333,,Pastick,,16.0,N,,,,,,
65.46925933333334,-145.134074,2011-07-13,3,0,16.666666666666668,63.0,,Pastick,,29.0,Y,,,,,,
65.453194,-144.9730555,2011-07-12,2,0,0.0,51.0,,Pastick,,12.0,Y,,,,,,
65.53993833333334,-145.4472531111111,2011-07-31,9,1,19.11111111111111,42.888888888888886,,Pastick,,13.11111111111111,N,,,,,,
65.297778,-146.23754616666668,2011-07-05,6,0,21.833333333333332,48.833333333333336,,Pastick,,14.333333333333334,N,,,,,,
65.25502527272725,-145.84651509090912,2011-09-26,11,0,19.636363636363637,66.0909090909091,,Pastick,,23.818181818181817,N,,,,,,
65.24349525000001,-145.5978703333333,2011-07-25,12,0,16.75,98.08333333333333,,Pastick,,15.333333333333334,N,,,,,,
65.30420125,-145.637395625,2011-08-01,8,0,28.5,64.5,,Pastick,,16.375,N,,,,,,
65.18043664285715,-144.4663095,2011-07-26,14,0,27.071428571428573,82.5,,Pastick,,20.428571428571427,N,,,,,,
65.49480769230769,-145.77959407692308,2011-08-07,13,0,20.615384615384617,53.38461538461539,,Pastick,,15.384615384615385,Y,,,,,,
66.8238888,-144.528,2011-08-13,5,0,32.0,113.2,,Pastick,,21.6,N,,,,,,
67.20939381818182,-145.24487372727273,2011-09-01,11,1,59.54545454545455,86.36363636363636,,Pastick,,19.818181818181817,N,,,,,,
66.6595556,-143.9154444,2011-08-16,5,1,49.4,108.4,,Pastick,,10.6,N,,,,,,
67.07138875,-144.85923624999998,2011-08-17,4,1,57.0,152.0,,Pastick,,11.0,N,,,,,,
66.1798888,-144.3450554,2011-08-19,5,1,86.2,120.2,,Pastick,,25.0,N,,,,,,
66.04722233333334,-144.21388866666666,2011-08-21,3,1,72.66666666666667,72.66666666666667,,Pastick,,49.333333333333336,N,,,,,,
66.9396525,-145.67854175,2011-09-07,4,0,0.0,142.25,,Pastick,,11.75,N,,,,,,
66.95541675,-145.46965275000002,2011-09-03,4,0,44.75,144.5,,Pastick,,14.0,N,,,,,,
67.04138883333333,-145.64115733333333,2011-09-07,6,0,20.0,138.33333333333334,,Pastick,,12.333333333333334,N,,,,,,
67.00199100000002,-145.91384266666668,2011-09-04,6,1,106.66666666666667,123.66666666666667,,Pastick,,16.166666666666668,N,,,,,,
67.01148166666667,-146.90745366666667,2011-09-08,6,0,0.0,139.0,,Pastick,,16.333333333333332,N,,,,,,
66.1887222,-145.59305559999999,2011-09-09,5,1,65.6,126.6,,Pastick,,14.6,N,,,,,,
65.0831523603453,-143.80731815462585,2008-08-01,6,0,18.5,59.333333333333336,,Pastick,,11.0,N,,,,,,
65.09337507091743,-143.63633212438683,2008-07-15,12,0,9.583333333333334,69.16666666666667,,Pastick,,15.916666666666666,N,,,,,,
65.093823415221,-143.42425244576398,2008-07-12,13,0,3.1538461538461537,64.76923076923077,,Pastick,,4.0,N,,,,,,
65.06977379878045,-143.27701819147416,2008-07-13,5,0,0.0,62.2,,Pastick,,24.8,N,,,,,,
65.17768516666666,-143.91865750000002,2011-07-24,6,0,24.166666666666668,70.33333333333333,,Pastick,,14.0,Y,,,,,,
65.19347695433162,-143.7673737169499,2008-07-15,6,0,11.333333333333334,74.33333333333333,,Pastick,,5.5,N,,,,,,
65.20738314503066,-143.50681594770808,2008-07-16,12,0,9.333333333333334,74.16666666666667,,Pastick,,21.083333333333332,N,,,,,,
65.23465999757354,-143.31876217661187,2008-07-18,6,0,19.5,50.5,,Pastick,,21.0,N,,,,,,
65.32088515588387,-143.85707451440314,2008-08-15,6,1,46.0,67.83333333333333,,Pastick,,33.0,N,,,,,,
65.27479606237551,-143.63678501417945,2008-08-05,10,1,25.7,64.9,,Pastick,,19.0,N,,,,,,
65.32034174600885,-143.0987535241108,2011-04-28,3,0,20.0,80.33333333333333,101.0,Pastick,,17.0,N,,,,,,
65.38353666566397,-143.8362522756782,2008-08-14,14,1,47.142857142857146,72.64285714285714,,Pastick,,34.0,N,,,,,,
65.3726464347585,-143.64554637394397,2008-08-19,18,1,60.833333333333336,87.83333333333333,,Pastick,,30.11111111111111,N,,,,,,
65.35559274658078,-143.55641285821116,2008-08-16,6,1,53.333333333333336,62.0,,Pastick,,32.166666666666664,N,,,,,,
65.38423283417494,-143.20856285444106,2008-07-03,12,1,28.25,68.41666666666667,,Pastick,,28.666666666666668,N,,,,,,
65.38735059239988,-143.13976145961504,2008-07-03,2,1,54.5,60.5,,Pastick,,26.5,N,,,,,,
65.47249446472692,-143.82664991198098,2008-08-13,6,1,32.666666666666664,129.66666666666666,,Pastick,,27.0,N,,,,,,
65.47950190856494,-143.67514290835072,2008-07-30,34,0,16.735294117647058,88.0,,Pastick,,26.029411764705884,N,,,,,,
65.46778994240111,-143.51897103547108,2008-07-01,9,0,4.777777777777778,77.44444444444444,,Pastick,,6.444444444444445,N,,,,,,
65.46704167855454,-143.25220739022546,2008-07-02,7,1,30.428571428571427,50.714285714285715,,Pastick,,25.142857142857142,N,,,,,,
65.58807391561876,-143.97283419265423,2008-07-28,10,0,28.7,112.2,,Pastick,,7.3,N,,,,,,
65.5319508756954,-143.71955284833007,2008-08-17,16,1,33.6875,96.0,,Pastick,,45.5,N,,,,,,
65.63286862724766,-143.88727756077577,2008-06-29,9,1,31.0,73.0,,Pastick,,24.22222222222222,N,,,,,,
65.60970203393634,-143.7443502306182,2008-06-30,6,0,19.833333333333332,80.5,,Pastick,,30.0,N,,,,,,
65.61301600000002,-145.73087314285715,2011-07-29,7,1,40.142857142857146,61.57142857142857,,Pastick,,22.285714285714285,N,,,,,,
65.05525414285714,-145.63625414285713,2011-08-13,7,0,7.428571428571429,56.857142857142854,,Pastick,,13.428571428571429,Y,,,,,,
66.6815556,-144.3383336,2011-08-16,5,0,22.4,129.6,,Pastick,,0.8,N,,,,,,
66.8617015,-145.12892349999998,2011-08-28,8,0,0.0,150.875,,Pastick,,7.25,N,,,,,,
66.0163886,-144.53627780000002,2011-09-02,5,1,69.8,75.8,,Pastick,,23.0,N,,,,,,
66.41256949999999,-143.7105555,2011-08-20,4,0,0.0,76.5,,Pastick,,23.25,N,,,,,,
66.41999999999999,-144.48541699999998,2011-08-21,2,1,129.0,129.0,,Pastick,,5.5,N,,,,,,
66.93076375,-146.44284725,2011-09-01,4,0,0.0,90.0,,Pastick,,20.5,N,,,,,,
66.87773133333333,-146.22578683333333,2011-09-05,6,0,0.0,127.5,,Pastick,,7.666666666666667,N,,,,,,
66.3608322,-164.7097168,2014-01-14,2,1,26.0,180.0,,Pastick,,0.0,N,,,,,,
66.54347229999999,-164.09791565,2014-01-14,2,1,42.0,80.0,,Pastick,,0.0,N,,,,,,
66.56194303333335,-164.45842486666666,2014-01-14,3,1,33.333333333333336,75.0,,Pastick,,0.0,N,,,,,,
64.85381498787879,-163.6923915030303,2013-08-25,33,1,33.43939393939394,36.10606060606061,,Schaefer_2020,,0.0,N,,,,,,
61.561705450000005,-159.76559705,2013-05-09,2,0,84.0,137.5,,Pastick,,0.0,N,,,,,,
61.58611740185187,-159.51956306851855,2012-09-13,54,0,107.07407407407408,247.12962962962962,,Pastick,,0.0,N,,,,,,
61.58198029999999,-159.25176902307697,2012-08-30,13,0,112.46153846153847,176.92307692307693,,Pastick,,0.0,N,,,,,,
61.6646438,-159.6171967,2012-08-30,2,0,53.0,80.0,,Pastick,,0.0,N,,,,,,
61.52762700434782,-158.75542025652175,2012-08-30,23,1,70.17391304347827,121.1304347826087,,Pastick,,0.0,N,,,,,,
61.486759476923076,-158.58482970000003,2012-08-30,13,0,64.6923076923077,96.92307692307692,,Pastick,,0.0,N,,,,,,
61.51193655,-158.2655476,2012-08-30,2,0,42.5,62.5,,Pastick,,0.0,N,,,,,,
61.50315203333333,-158.25947956666667,2012-08-30,3,0,55.333333333333336,103.33333333333333,,Pastick,,0.0,N,,,,,,
61.569690709999996,-158.92998985000003,2012-08-30,10,0,68.8,192.2,,Pastick,,0.0,N,,,,,,
61.5844237,-158.68462105,2012-08-30,2,0,55.5,82.5,,Pastick,,0.0,N,,,,,,
61.59856576666667,-158.39851826666666,2012-08-30,3,0,55.333333333333336,130.0,,Pastick,,0.0,N,,,,,,
61.574242000000005,-158.13002045,2012-08-30,4,0,62.75,540.5,,Pastick,,0.0,N,,,,,,
61.637874739999994,-158.6948589,2012-08-30,5,0,53.6,74.0,,Pastick,,0.0,N,,,,,,
61.68474564285714,-158.5295715857143,2012-08-30,7,0,62.714285714285715,91.42857142857143,,Pastick,,0.0,N,,,,,,
61.669512963636365,-158.30556794090907,2012-08-30,22,0,76.31818181818181,347.8181818181818,,Pastick,,0.0,N,,,,,,
61.69582597222221,-158.22617826666666,2012-08-30,18,0,78.77777777777777,130.5,,Pastick,,0.0,N,,,,,,
61.68861712258064,-157.172791832258,2012-08-30,31,0,90.90322580645162,156.09677419354838,,Pastick,,0.0,N,,,,,,
61.69300816,-157.02408857999998,2012-08-30,5,0,74.8,327.8,,Pastick,,0.0,N,,,,,,
61.740148864864864,-158.18180022432435,2012-08-30,37,0,72.29729729729729,162.27027027027026,,Pastick,,0.0,N,,,,,,
61.80268536666667,-157.5134941,2012-12-05,3,0,119.0,176.66666666666666,,Pastick,,0.0,N,,,,,,
61.78410118947369,-157.37374389999997,2012-08-30,19,0,80.78947368421052,119.15789473684211,,Pastick,,0.0,N,,,,,,
61.73990873846155,-157.2029221230769,2012-08-30,26,0,86.07692307692308,172.57692307692307,,Pastick,,0.0,N,,,,,,
61.76151325333333,-156.77985729333335,2012-08-30,15,0,79.26666666666667,164.0,,Pastick,,0.0,N,,,,,,
61.78661776315788,-156.6298783,2012-08-30,19,0,78.36842105263158,158.68421052631578,,Pastick,,0.0,N,,,,,,
61.7817864923077,-156.5080235923077,2012-08-30,13,0,95.84615384615384,176.92307692307693,,Pastick,,0.0,N,,,,,,
61.85554204117648,-158.10923757058822,2012-08-30,17,0,59.529411764705884,179.8235294117647,,Pastick,,0.0,N,,,,,,
61.83983960769231,-158.0040593769231,2012-08-30,13,0,104.6923076923077,136.15384615384616,,Pastick,,0.0,N,,,,,,
61.88905586,-157.74417308,2012-08-30,5,0,90.4,176.0,,Pastick,,0.0,N,,,,,,
61.84884740444443,-157.6191575288889,2012-09-05,45,0,68.8,156.46666666666667,,Pastick,,0.0,N,,,,,,
61.8095308,-157.38346326666667,2012-08-30,3,1,82.0,133.33333333333334,,Pastick,,0.0,N,,,,,,
61.81632433333332,-156.49151600000002,2012-08-30,6,0,120.83333333333333,181.66666666666666,,Pastick,,0.0,N,,,,,,
61.90400522857144,-157.78327857142858,2012-08-30,7,0,57.57142857142857,205.42857142857142,,Pastick,,0.0,N,,,,,,
61.31714521153846,-160.56989298076923,2012-08-30,26,0,57.92307692307692,88.23076923076923,,Pastick,,0.0,N,,,,,,
61.417510279999995,-160.57554672666666,2012-08-30,15,0,122.73333333333333,183.33333333333334,,Pastick,,0.0,N,,,,,,
61.4432944,-160.31218596000002,2012-08-30,5,0,123.8,159.4,,Pastick,,0.0,N,,,,,,
61.491497379999984,-160.59249530999998,2012-08-30,20,0,114.85,150.4,,Pastick,,0.0,N,,,,,,
61.51036599285714,-160.36442715,2012-08-30,14,0,111.71428571428571,154.28571428571428,,Pastick,,0.0,N,,,,,,
61.48121948823529,-160.16562982941178,2012-08-30,17,0,128.58823529411765,150.0,,Pastick,,0.0,N,,,,,,
61.54691818,-160.57629292000001,2012-08-30,5,1,48.2,76.8,,Pastick,,0.0,N,,,,,,
61.554791565,-160.32926040499999,2012-08-30,20,0,88.25,112.6,,Pastick,,0.0,N,,,,,,
62.09487423818789,-160.05848167201438,2010-05-03,30,0,108.52173913043478,154.76666666666668,,Pastick,1.0,5.0,N,,,,,,
62.07332608799753,-159.86083732608017,2008-12-28,5,0,120.0,196.0,,Pastick,,1.4,N,,,,,,
62.12484617216412,-159.75592047929487,2009-08-06,3,0,93.0,183.33333333333334,,Pastick,,1.6666666666666667,N,,,,,,
62.205315391666666,-160.12487867500002,2012-09-23,12,0,104.08333333333333,139.41666666666666,,Pastick,,0.0,N,,,,,,
62.19829071987957,-159.85019699972298,2010-12-26,5,0,81.5,138.0,,Pastick,,2.0,N,,,,,,
62.19059508713756,-159.77293012926629,2009-12-10,40,0,95.82142857142857,141.675,,Pastick,2.0,14.325,N,,,,,,
62.24540570152262,-160.08135622776976,2010-11-02,10,0,129.75,149.6,,Pastick,,2.3,N,,,,,,
62.30312653331554,-159.95062918796603,2011-02-21,6,0,118.0,146.66666666666666,,Pastick,,0.0,N,,,,,,
62.420419319265754,-159.54798144400743,2009-11-09,13,0,90.25,122.3076923076923,,Pastick,2.0,14.23076923076923,N,,,,,,
62.53485235286591,-159.54318527697689,2011-05-12,7,0,79.16666666666667,101.42857142857143,,Pastick,,1.4285714285714286,N,,,,,,
61.89424457978597,-160.50282429690446,2009-08-24,9,0,111.42857142857143,137.77777777777777,,Pastick,,27.555555555555557,N,,,,,,
61.85672456286754,-160.12888026316742,2010-05-26,8,0,71.0,231.125,,Pastick,,16.75,N,,,,,,
61.90635503722787,-159.95878093024717,2010-05-27,4,0,144.0,175.0,,Pastick,,47.5,N,,,,,,
61.94491303890334,-160.5692309563329,2011-10-04,10,0,126.88888888888889,152.0,,Pastick,,0.9,N,,,,,,
61.973853015384606,-160.42614329230767,2012-08-30,13,0,110.0,130.0,,Pastick,,0.0,N,,,,,,
61.924851284326074,-159.99155654342752,2010-11-08,5,0,146.25,180.0,,Pastick,,1.8,N,,,,,,
61.29608653999999,-160.19787921000002,2012-08-30,10,1,71.1,96.0,,Pastick,,0.0,N,,,,,,
61.3151099625,-159.96996915,2012-08-30,8,1,62.5,114.375,,Pastick,,0.0,N,,,,,,
61.211409535714274,-159.15214977142858,2012-08-30,14,0,71.14285714285714,130.71428571428572,,Pastick,,0.0,N,,,,,,
61.259520333333334,-159.01979986666666,2012-08-30,6,1,77.83333333333333,88.33333333333333,,Pastick,,0.0,N,,,,,,
61.766884981732886,-159.8522585032443,2008-08-23,18,0,53.77777777777778,86.88888888888889,,Pastick,1.0,4.333333333333333,N,,,,,,
61.78341788942646,-159.6668350247971,2008-08-23,26,1,73.33333333333333,104.07692307692308,,Pastick,1.0,19.076923076923077,N,,,,,,
61.45445753636364,-159.1502540818182,2012-08-30,11,1,79.81818181818181,105.27272727272727,,Pastick,,0.0,N,,,,,,
60.919586925,-159.165718,2012-08-30,8,0,53.25,86.875,,Pastick,,0.0,N,,,,,,
60.9979172125,-159.02913763749999,2012-08-30,8,0,72.75,131.25,,Pastick,,0.0,N,,,,,,
60.99502630909091,-158.92132576363636,2012-08-30,11,0,61.72727272727273,98.9090909090909,,Pastick,,0.0,N,,,,,,
61.77725823333333,-158.72622801666668,2012-08-30,6,1,77.66666666666667,94.16666666666667,,Pastick,,0.0,N,,,,,,
61.782953480691006,-160.36203327855873,2008-08-29,10,0,78.0,147.4,,Pastick,,10.3,N,,,,,,
61.7159988909091,-159.26277063636363,2012-08-30,11,0,61.81818181818182,91.27272727272727,,Pastick,,0.0,N,,,,,,
61.75021126666667,-159.10207856666668,2012-08-30,3,0,65.0,116.66666666666667,,Pastick,,0.0,N,,,,,,
61.88399873878318,-159.21641317212635,2011-01-22,5,0,53.75,80.0,,Pastick,,1.4,N,,,,,,
61.83983795454655,-159.08422994339017,2008-07-08,29,0,69.6842105263158,112.03448275862068,,Pastick,5.0,19.137931034482758,N,,,,,,
61.894734567736315,-159.22857737005077,2010-04-05,10,0,49.142857142857146,79.0,,Pastick,,3.7,N,,,,,,
61.91724965143581,-159.0363065396786,2008-08-28,2,0,52.0,84.0,,Pastick,,1.0,N,,,,,,
61.36087712,-158.9216803,2012-08-30,5,0,56.0,79.8,,Pastick,,0.0,N,,,,,,
61.94334505311992,-158.61951228002545,2008-08-28,6,0,68.2,80.0,,Pastick,,12.5,N,,,,,,
61.70237846666666,-160.51882483333333,2012-08-30,6,1,69.66666666666667,115.83333333333333,,Pastick,,0.0,N,,,,,,
61.3890799,-159.660228625,2012-08-30,4,1,62.25,93.0,,Pastick,,0.0,N,,,,,,
62.16052378888888,-160.60438836666668,2012-08-30,9,0,98.55555555555556,179.33333333333334,,Pastick,,0.0,N,,,,,,
61.6232893076923,-159.9499621153846,2012-08-30,13,0,86.46153846153847,217.69230769230768,,Pastick,,0.0,N,,,,,,
61.509610099999996,-156.50270675714287,2012-08-30,7,0,80.42857142857143,152.0,,Pastick,,0.0,N,,,,,,
61.60251452,-156.56485789999996,2012-08-30,5,0,96.8,112.2,,Pastick,,0.0,N,,,,,,
60.9998915375,-157.4779564625,2012-08-30,8,0,71.75,125.0,,Pastick,,0.0,N,,,,,,
61.38658800000001,-156.36649833333334,2012-08-30,12,0,82.58333333333333,147.16666666666666,,Pastick,,0.0,N,,,,,,
61.363400600000006,-156.19794606666667,2012-08-30,6,0,94.83333333333333,173.33333333333334,,Pastick,,0.0,N,,,,,,
62.123856020000005,-159.35865515999998,2012-08-30,10,0,60.8,97.0,,Pastick,,0.0,N,,,,,,
61.142237758333344,-156.349320275,2012-08-30,12,0,76.91666666666667,150.83333333333334,,Pastick,,0.0,N,,,,,,
61.19027642,-157.38523112000001,2012-08-30,10,0,100.2,146.3,,Pastick,,0.0,N,,,,,,
61.295021871428574,-157.50089564285716,2012-08-30,7,0,63.714285714285715,117.14285714285714,,Pastick,,0.0,N,,,,,,
61.67613601111111,-156.16612544444445,2012-10-01,9,0,87.33333333333333,152.0,,Pastick,,0.0,N,,,,,,
61.759451285714285,-156.2382213857143,2012-08-30,7,0,112.0,186.28571428571428,,Pastick,,0.0,N,,,,,,
61.70778703333334,-160.1184582,2012-08-30,3,0,81.66666666666667,118.33333333333333,,Pastick,,0.0,N,,,,,,
62.664843978571426,-160.44565046428573,2012-08-30,14,0,106.14285714285714,151.78571428571428,,Pastick,,0.0,N,,,,,,
62.671589830960855,-160.24388644445463,2012-04-21,23,0,138.72727272727272,163.47826086956522,,Pastick,,0.21739130434782608,N,,,,,,
62.751453659999996,-160.15676474,2012-08-30,5,0,140.0,160.0,,Pastick,,0.0,N,,,,,,
62.753836750000005,-160.12082395000002,2012-08-30,4,0,100.0,120.0,,Pastick,,0.0,N,,,,,,
64.78897808474578,-165.55176356101697,2012-08-30,59,0,74.44067796610169,147.33898305084745,,Pastick,,0.0,N,,,,,,
64.80765702,-165.41685364,2012-08-30,5,1,70.4,150.4,,Pastick,,0.0,N,,,,,,
58.72208335,-158.29333335,2013-11-29,2,0,106.0,155.0,,Pastick,,0.0,N,,,,,,
58.69422221999999,-158.18144446,2013-11-29,5,1,28.2,123.8,,Pastick,,0.0,N,,,,,,
58.65302470000001,-158.0603703666667,2013-11-29,9,0,101.11111111111111,133.44444444444446,,Pastick,,0.0,N,,,,,,
58.80311508571428,-158.55125000714287,2013-11-29,14,0,73.21428571428571,132.21428571428572,,Pastick,,0.0,N,,,,,,
58.763333325,-158.32972225000003,2013-11-29,4,0,99.5,112.5,,Pastick,,0.0,N,,,,,,
58.776759266666666,-157.93620371666665,2013-11-29,6,0,84.0,130.16666666666666,,Pastick,,0.0,N,,,,,,
58.80069445,-157.8216667,2013-11-29,2,1,72.5,122.5,,Pastick,,0.0,N,,,,,,
58.83265700434782,-158.53723430000005,2013-11-29,23,0,100.69565217391305,165.52173913043478,,Pastick,,0.0,N,,,,,,
58.888372999999994,-158.42261904285715,2013-11-29,7,0,88.71428571428571,152.85714285714286,,Pastick,,0.0,N,,,,,,
58.85466666,-158.24377776,2013-11-29,5,0,85.6,176.8,,Pastick,,0.0,N,,,,,,
58.88944445,-158.0409722,2013-11-29,2,0,145.0,187.5,,Pastick,,0.0,N,,,,,,
58.866185179999995,-157.83253703333335,2013-11-29,15,0,103.13333333333334,156.6,,Pastick,,0.0,N,,,,,,
58.88375,-157.65787035,2013-11-29,6,0,95.16666666666667,141.33333333333334,,Pastick,,0.0,N,,,,,,
58.8676389,-157.5623611,2013-11-29,2,1,44.0,77.5,,Pastick,,0.0,N,,,,,,
58.90314816666666,-157.34935186666667,2013-11-29,3,1,80.33333333333333,150.0,,Pastick,,0.0,N,,,,,,
58.884960314285706,-157.11789682857142,2013-11-29,7,1,46.857142857142854,79.28571428571429,,Pastick,,0.0,N,,,,,,
58.9938889,-158.2941667,2013-11-29,2,0,94.0,150.0,,Pastick,,0.0,N,,,,,,
58.91555555,-158.10351851666667,2013-11-29,6,0,127.0,187.5,,Pastick,,0.0,N,,,,,,
58.94680554999999,-157.932916625,2013-11-29,4,0,54.25,137.5,,Pastick,,0.0,N,,,,,,
58.95216667000001,-157.86319443999997,2013-11-29,10,0,75.5,143.8,,Pastick,,0.0,N,,,,,,
58.945070919148954,-157.68856382553187,2013-11-29,47,0,108.70212765957447,160.4468085106383,,Pastick,,0.0,N,,,,,,
58.920069425,-157.373124975,2013-11-29,4,0,56.75,131.75,,Pastick,,0.0,N,,,,,,
58.974374987500006,-157.12256943749998,2013-11-29,8,0,84.75,123.375,,Pastick,,0.0,N,,,,,,
59.05368228270679,-158.52007410601502,2013-11-30,133,0,102.54887218045113,172.4360902255639,,Pastick,,0.0,N,,,,,,
59.03088541875,-158.37513889999997,2013-11-29,16,0,95.8125,168.9375,,Pastick,,0.0,N,,,,,,
59.05730557,-158.19986110999997,2013-11-29,10,0,100.1,165.9,,Pastick,,0.0,N,,,,,,
59.04064814444444,-158.00484566666665,2013-11-29,9,0,80.88888888888889,136.88888888888889,,Pastick,,0.0,N,,,,,,
59.05913579629629,-157.7603395,2013-11-29,27,0,100.70370370370371,146.11111111111111,,Pastick,,0.0,N,,,,,,
59.039777783999995,-157.69525555200002,2013-11-29,25,0,96.16,136.68,,Pastick,,0.0,N,,,,,,
59.073722239999995,-157.40994444,2013-11-29,5,0,77.6,158.0,,Pastick,,0.0,N,,,,,,
59.074999999999996,-157.31464285714284,2013-11-29,7,0,94.28571428571429,141.71428571428572,,Pastick,,0.0,N,,,,,,
59.064930525,-157.18958335,2013-11-29,4,0,89.0,142.25,,Pastick,,0.0,N,,,,,,
59.095925922222214,-158.5870370444444,2013-11-29,9,0,103.33333333333333,162.55555555555554,,Pastick,,0.0,N,,,,,,
59.10381945,-158.31218750000002,2013-11-29,8,0,74.375,165.5,,Pastick,,0.0,N,,,,,,
59.1698611,-158.02458330000002,2013-11-29,2,0,160.0,190.0,,Pastick,,0.0,N,,,,,,
59.122828272727276,-157.7628787818182,2013-11-29,11,0,102.18181818181819,151.9090909090909,,Pastick,,0.0,N,,,,,,
59.12074999666666,-157.71096296999997,2013-12-01,30,0,108.0,146.4,,Pastick,,0.0,N,,,,,,
59.16484567777778,-157.54833333333332,2013-11-29,9,0,82.0,146.33333333333334,,Pastick,,0.0,N,,,,,,
59.18599207142857,-158.30095237142856,2013-11-29,7,0,100.85714285714286,163.14285714285714,,Pastick,,0.0,N,,,,,,
59.21617522307691,-158.17121794615383,2013-11-29,13,0,103.07692307692308,132.15384615384616,,Pastick,,0.0,N,,,,,,
59.20114558235294,-158.00773545294118,2013-11-29,17,0,87.23529411764706,132.11764705882354,,Pastick,,0.0,N,,,,,,
59.21944445,-157.77300923333334,2013-11-29,6,0,95.83333333333333,139.83333333333334,,Pastick,,0.0,N,,,,,,
59.211865076190485,-157.68338624761907,2013-11-29,21,0,100.80952380952381,144.52380952380952,,Pastick,,0.0,N,,,,,,
59.255868037499994,-157.472395825,2013-11-29,8,0,81.625,157.25,,Pastick,,0.0,N,,,,,,
59.270833350000004,-157.9347222,2013-11-29,2,0,144.0,190.0,,Pastick,,0.0,N,,,,,,
59.32431818181819,-157.87989899090906,2013-11-29,11,0,87.63636363636364,165.1818181818182,,Pastick,,0.0,N,,,,,,
59.27819445000001,-157.63238425833336,2013-12-04,12,0,96.0,139.16666666666666,,Pastick,,0.0,N,,,,,,
59.348555559999994,-157.49125555600003,2013-11-29,25,0,83.52,129.32,,Pastick,,0.0,N,,,,,,
59.301975,-157.28064026666667,2013-11-29,6,0,87.33333333333333,143.33333333333334,,Pastick,,0.0,N,,,,,,
59.37594852105263,-157.47541838947367,2013-11-30,38,0,79.94736842105263,123.47368421052632,,Pastick,,0.0,N,,,,,,
59.434351844444436,-157.3393827111111,2013-11-29,9,0,100.88888888888889,133.55555555555554,,Pastick,,0.0,N,,,,,,
59.49266668,-157.94388887999997,2013-11-29,5,0,141.6,182.0,,Pastick,,0.0,N,,,,,,
59.506440733333335,-157.9115287,2013-11-29,3,0,128.33333333333334,160.0,,Pastick,,0.0,N,,,,,,
59.48500002142857,-157.6406547642857,2013-12-03,14,0,83.64285714285714,109.14285714285714,,Pastick,,0.0,N,,,,,,
59.514583349999995,-157.55208335,2013-11-29,2,0,105.0,147.5,,Pastick,,0.0,N,,,,,,
59.46601390499999,-157.32391665,2013-12-02,20,0,97.55,153.65,,Pastick,,0.0,N,,,,,,
59.501763616666686,-157.13903066,2013-11-29,30,0,99.46666666666667,139.83333333333334,,Pastick,,0.0,N,,,,,,
59.56092593333333,-157.77773146666667,2013-11-29,6,0,110.66666666666667,161.66666666666666,,Pastick,,0.0,N,,,,,,
59.57244947272727,-157.61343435454546,2013-11-29,11,0,97.18181818181819,161.8181818181818,,Pastick,,0.0,N,,,,,,
59.58287036666666,-157.47777775,2013-11-29,6,0,83.5,178.0,,Pastick,,0.0,N,,,,,,
59.58162708333334,-157.2726076333333,2013-12-10,12,0,89.0,146.5,,Pastick,,0.0,N,,,,,,
59.57419764545455,-157.0810962939394,2013-11-29,33,0,108.63636363636364,154.8181818181818,,Pastick,,0.0,N,,,,,,
59.58458335,-157.00444445,2013-11-29,2,0,76.0,136.0,,Pastick,,0.0,N,,,,,,
59.665405976923076,-157.51226494615383,2013-12-09,13,0,107.38461538461539,165.30769230769232,,Pastick,,0.0,N,,,,,,
59.66493590000001,-157.2734401769231,2013-11-29,13,0,91.84615384615384,144.46153846153845,,Pastick,,0.0,N,,,,,,
59.64918981249999,-157.1338425875,2013-11-29,24,0,90.54166666666667,127.41666666666667,,Pastick,,0.0,N,,,,,,
59.681166680000004,-156.93833333999999,2013-11-29,5,1,85.0,112.6,,Pastick,,0.0,N,,,,,,
59.7011111,-156.81236109999998,2013-11-29,2,1,66.5,82.5,,Pastick,,0.0,N,,,,,,
59.79439630666666,-157.45719277999999,2013-11-29,15,0,129.66666666666666,166.8,,Pastick,,0.0,N,,,,,,
59.72954134651163,-157.2931136953488,2013-11-29,43,0,92.23255813953489,133.69767441860466,,Pastick,,0.0,N,,,,,,
59.72948993125,-157.18680138749997,2013-11-29,16,0,105.875,144.3125,,Pastick,,0.0,N,,,,,,
59.82071428571429,-157.51809521428572,2013-11-29,7,0,107.57142857142857,138.57142857142858,,Pastick,,0.0,N,,,,,,
59.850324066666666,-157.29685184999997,2013-11-29,6,0,83.5,127.33333333333333,,Pastick,,0.0,N,,,,,,
59.822183339999995,-156.99949222,2013-08-27,5,1,105.8,146.8,,Pastick,,0.0,N,,,,,,
59.78291005714285,-159.82620370476192,2013-12-13,21,0,48.142857142857146,100.85714285714286,,Pastick,,0.0,N,,,,,,
59.146574066666666,-160.86138893333333,2013-12-13,3,0,70.66666666666667,152.0,,Pastick,,0.0,N,,,,,,
59.051111125,-161.2198611,2013-12-13,4,1,69.5,152.5,,Pastick,,0.0,N,,,,,,
59.29847242222221,-159.85802917222225,2013-12-13,18,0,57.666666666666664,115.83333333333333,,Pastick,,0.0,N,,,,,,
59.62899304999999,-158.0866492875,2013-11-29,16,0,73.6875,118.625,,Pastick,,0.0,N,,,,,,
59.71375001666666,-157.9547685166667,2013-11-29,6,0,109.5,135.83333333333334,,Pastick,,0.0,N,,,,,,
59.201874999999994,-157.18065973749998,2013-11-29,8,0,83.0,134.875,,Pastick,,0.0,N,,,,,,
59.8337222,-156.53605556,2013-11-29,5,0,84.4,131.0,,Pastick,,0.0,N,,,,,,
59.9278472,-156.600625,2013-11-29,4,1,108.25,129.25,,Pastick,,0.0,N,,,,,,
60.06305557499999,-157.20194444999998,2013-11-29,4,1,82.5,113.0,,Pastick,,0.0,N,,,,,,
60.04898146666667,-156.79490743333332,2013-11-29,3,0,71.66666666666667,106.66666666666667,,Pastick,,0.0,N,,,,,,
59.951006937500004,-158.0898264,2013-11-29,8,0,87.0,150.75,,Pastick,,0.0,N,,,,,,
59.967111125,-157.8837152875,2013-11-29,8,0,97.875,131.25,,Pastick,,0.0,N,,,,,,
59.93933334,-157.75033331999998,2013-11-29,5,0,80.8,141.0,,Pastick,,0.0,N,,,,,,
59.940462966666665,-157.53749996666667,2013-11-29,3,0,138.33333333333334,170.0,,Pastick,,0.0,N,,,,,,
60.0665,-157.90950000000004,2013-11-29,5,0,128.4,167.0,,Pastick,,0.0,N,,,,,,
60.05472223333334,-157.79935183333336,2013-11-29,3,0,97.33333333333333,122.0,,Pastick,,0.0,N,,,,,,
60.03458335,-157.6127778,2013-11-29,2,1,76.0,137.5,,Pastick,,0.0,N,,,,,,
60.14796293333333,-158.01916663333333,2013-11-29,3,0,54.333333333333336,93.33333333333333,,Pastick,,0.0,N,,,,,,
60.084930549999996,-157.495694425,2013-11-29,4,0,74.75,149.0,,Pastick,,0.0,N,,,,,,
60.166250000000005,-157.42430554999999,2013-11-29,2,1,92.5,116.5,,Pastick,,0.0,N,,,,,,
60.180694450000004,-157.38930555000002,2013-11-29,2,1,113.5,140.0,,Pastick,,0.0,N,,,,,,
60.345576915384626,-157.9342093923077,2013-11-29,13,0,78.61538461538461,105.38461538461539,,Pastick,,0.0,N,,,,,,
60.691851866666674,-154.74416666666664,2013-11-29,9,0,47.666666666666664,92.55555555555556,,Pastick,,0.0,N,,,,,,
60.71888888888889,-154.64817901111113,2013-11-29,9,0,38.111111111111114,66.55555555555556,,Pastick,,0.0,N,,,,,,
60.82013886666667,-154.83708333333337,2013-11-29,6,0,39.166666666666664,81.33333333333333,,Pastick,,0.0,N,,,,,,
60.0963889,-156.24925926666666,2013-11-29,3,1,64.33333333333333,75.33333333333333,,Pastick,,0.0,N,,,,,,
60.39705556,-156.15883334,2013-11-29,5,0,46.4,76.4,,Pastick,,0.0,N,,,,,,
59.925873028571424,-155.99757937142857,2013-11-29,7,0,63.714285714285715,89.42857142857143,,Pastick,,0.0,N,,,,,,
60.049888859999996,-156.00855554000003,2013-11-29,5,0,52.2,89.0,,Pastick,,0.0,N,,,,,,
59.9028819625,-155.48305555,2013-11-29,8,0,56.125,94.0,,Pastick,,0.0,N,,,,,,
59.998889,-154.91657610000001,2013-12-15,3,0,70.33333333333333,118.66666666666667,,Pastick,,0.0,N,,,,,,
59.945555875,-158.938751775,2013-12-11,4,0,70.75,104.0,,Pastick,,0.0,N,,,,,,
59.977222225000006,-158.77152777499998,2013-11-29,4,0,92.0,126.25,,Pastick,,0.0,N,,,,,,
58.708334,-156.7249985,2014-01-17,2,0,104.0,125.5,,Pastick,,0.0,N,,,,,,
62.64676210000001,-159.54187976666665,2012-08-30,6,0,130.0,150.0,,Pastick,,0.0,N,,,,,,
62.503071712499995,-160.5149055,2012-08-30,8,0,97.625,181.5,,Pastick,,0.0,N,,,,,,
62.50278163223577,-160.31942495788,2011-05-13,7,0,118.83333333333333,125.14285714285714,,Pastick,,2.4285714285714284,N,,,,,,
62.403100069999994,-160.07710012,2012-08-30,10,0,124.0,144.0,,Pastick,,0.0,N,,,,,,
61.93078286666667,-159.7603042,2012-08-30,3,0,76.66666666666667,93.33333333333333,,Pastick,,0.0,N,,,,,,
61.97636011530096,-160.8992235695812,2010-08-27,9,0,105.14285714285714,125.0,,Pastick,,1.2222222222222223,N,,,,,,
62.90826107381972,-160.07997054729327,2011-11-02,19,0,114.82352941176471,138.68421052631578,,Pastick,,0.8421052631578947,N,,,,,,
61.339880526086965,-157.1368564043478,2012-08-30,23,0,90.95652173913044,188.2608695652174,,Pastick,,0.0,N,,,,,,
61.34534734166667,-156.95530241666668,2012-08-30,12,0,67.91666666666667,162.0,,Pastick,,0.0,N,,,,,,
61.33114659999999,-156.83791543333334,2012-08-30,3,0,65.33333333333333,151.33333333333334,,Pastick,,0.0,N,,,,,,
61.427179335714285,-157.0633746714286,2012-08-30,14,0,111.07142857142857,206.35714285714286,,Pastick,,0.0,N,,,,,,
61.483009300000006,-156.82032535,2012-08-30,2,0,140.0,151.0,,Pastick,,0.0,N,,,,,,
61.52472746666667,-156.96287053333333,2012-08-30,12,0,112.58333333333333,194.16666666666666,,Pastick,,0.0,N,,,,,,
61.452538190000006,-157.3861812,2012-09-28,10,0,46.8,277.3,,Pastick,,0.0,N,,,,,,
61.14064168,-157.98465716,2012-08-30,5,0,77.8,288.8,,Pastick,,0.0,N,,,,,,
61.14253211666667,-157.78582346666667,2012-08-30,6,0,92.0,304.0,,Pastick,,0.0,N,,,,,,
61.36007273333333,-157.8188437,2012-08-30,3,0,103.33333333333333,126.66666666666667,,Pastick,,0.0,N,,,,,,
61.14781712631579,-158.51294502631572,2012-08-30,19,0,60.473684210526315,295.42105263157896,,Pastick,,0.0,N,,,,,,
61.8665198,-158.47926865,2012-08-30,4,0,91.25,372.25,,Pastick,,0.0,N,,,,,,
61.144000388888884,-159.84062806666668,2012-08-30,9,0,89.11111111111111,149.55555555555554,,Pastick,,0.0,N,,,,,,
61.430658916666665,-157.60313938333334,2012-08-30,6,0,40.833333333333336,78.0,,Pastick,,0.0,N,,,,,,
60.999570600000006,-157.88844417142857,2012-08-30,7,0,83.28571428571429,175.71428571428572,,Pastick,,0.0,N,,,,,,
61.082336733333335,-156.69784325,2012-08-30,6,0,66.5,89.5,,Pastick,,0.0,N,,,,,,
61.251957755555544,-156.5907045888889,2012-08-30,9,0,106.33333333333333,144.44444444444446,,Pastick,,0.0,N,,,,,,
61.97272185714286,-156.75565742857142,2012-08-30,7,0,66.42857142857143,131.85714285714286,,Pastick,,0.0,N,,,,,,
61.96066628888889,-156.4012581111111,2012-08-30,9,0,96.88888888888889,152.0,,Pastick,,0.0,N,,,,,,
61.337170283333336,-158.11271123333333,2012-08-30,6,0,95.0,133.33333333333334,,Pastick,,0.0,N,,,,,,
60.96801058571429,-158.67732017142856,2012-08-30,7,0,60.57142857142857,88.42857142857143,,Pastick,,0.0,N,,,,,,
61.34747225,-165.19186115000002,2012-08-30,2,0,61.5,152.0,,Pastick,,0.0,N,,,,,,
59.85986625555555,-160.02022634814816,2013-12-13,27,0,48.77777777777778,85.44444444444444,,Pastick,,0.0,N,,,,,,
59.562951375,-159.38725693749998,2013-12-13,8,0,64.25,100.875,,Pastick,,0.0,N,,,,,,
59.64274025405407,-160.3678678648649,2013-12-12,37,0,66.78378378378379,105.97297297297297,,Pastick,,0.0,N,,,,,,
59.487234849999986,-160.59752525454547,2013-12-13,22,0,65.95454545454545,117.9090909090909,,Pastick,,0.0,N,,,,,,
59.4033712090909,-160.37953282727273,2013-12-13,22,0,73.04545454545455,122.31818181818181,,Pastick,,0.0,N,,,,,,
59.01654875,-159.76379315,2013-12-13,8,0,94.875,156.625,,Pastick,,0.0,N,,,,,,
59.12259305,-159.6994785,2013-12-13,2,0,117.5,156.0,,Pastick,,0.0,N,,,,,,
59.11249475,-159.54303773333334,2013-12-13,6,0,68.5,139.66666666666666,,Pastick,,0.0,N,,,,,,
59.126944449999996,-159.2684722,2013-12-13,2,0,63.5,136.0,,Pastick,,0.0,N,,,,,,
59.12125,-159.25902775,2013-12-13,2,0,77.5,151.0,,Pastick,,0.0,N,,,,,,
59.127883350000005,-159.083375,2013-04-08,2,0,63.0,152.0,,Pastick,,0.0,N,,,,,,
59.20568601428572,-159.68298724285714,2013-12-13,7,0,69.0,142.57142857142858,,Pastick,,0.0,N,,,,,,
59.237719299999995,-159.53061326,2013-12-13,5,0,77.0,152.0,,Pastick,,0.0,N,,,,,,
59.214654599999996,-159.37447875,2013-12-13,6,0,53.0,156.66666666666666,,Pastick,,0.0,N,,,,,,
59.21481633333334,-159.172442875,2013-12-13,12,0,56.833333333333336,117.91666666666667,,Pastick,,0.0,N,,,,,,
59.265509179999995,-159.27244002,2013-12-13,5,0,69.8,112.0,,Pastick,,0.0,N,,,,,,
59.14638885,-161.1120833,2013-12-13,2,0,91.0,152.0,,Pastick,,0.0,N,,,,,,
59.04551556666666,-160.0353565222222,2013-12-13,9,0,96.44444444444444,150.55555555555554,,Pastick,,0.0,N,,,,,,
59.124111119999995,-160.31422222,2013-12-13,5,0,60.4,150.8,,Pastick,,0.0,N,,,,,,
59.147209700000005,-160.15172215,2013-12-13,2,0,77.5,152.0,,Pastick,,0.0,N,,,,,,
59.205931940000006,-160.32258041999998,2013-12-13,5,0,86.0,152.0,,Pastick,,0.0,N,,,,,,
59.21735801999999,-160.15169982,2013-12-13,5,0,66.6,152.0,,Pastick,,0.0,N,,,,,,
59.368281241666686,-158.27741850833334,2013-12-03,12,0,80.16666666666667,117.41666666666667,,Pastick,,0.0,N,,,,,,
59.4244444,-158.1363889,2013-11-29,2,0,56.0,161.0,,Pastick,,0.0,N,,,,,,
59.434166649999995,-158.12555555,2013-11-29,2,0,93.0,168.5,,Pastick,,0.0,N,,,,,,
59.48574075000001,-158.39407406666666,2013-11-29,6,0,125.66666666666667,152.0,,Pastick,,0.0,N,,,,,,
59.50354170000001,-156.579513875,2013-11-29,4,0,74.25,120.0,,Pastick,,0.0,N,,,,,,
59.533518533333336,-156.78462966666666,2013-11-29,3,0,82.33333333333333,113.33333333333333,,Pastick,,0.0,N,,,,,,
59.72628473750001,-158.3931597,2013-11-29,8,0,61.0,92.5,,Pastick,,0.0,N,,,,,,
59.85375,-158.28638890000002,2013-11-29,2,0,78.0,107.5,,Pastick,,0.0,N,,,,,,
58.76659725,-157.54777775,2013-11-29,4,0,87.25,180.5,,Pastick,,0.0,N,,,,,,
59.796388879999995,-157.80033334,2013-11-29,5,0,105.4,163.8,,Pastick,,0.0,N,,,,,,
59.67238095714286,-156.17329364285712,2013-11-29,7,0,100.42857142857143,140.42857142857142,,Pastick,,0.0,N,,,,,,
59.678222240000004,-155.994,2013-11-29,5,0,105.4,129.6,,Pastick,,0.0,N,,,,,,
59.794537033333334,-156.07962963333333,2013-12-17,3,0,81.0,115.66666666666667,,Pastick,,0.0,N,,,,,,
60.094583325,-158.463125,2013-11-29,4,0,53.0,102.5,,Pastick,,0.0,N,,,,,,
60.079062512499995,-158.2694097125,2013-11-29,8,0,99.875,144.375,,Pastick,,0.0,N,,,,,,
60.20478395555556,-158.45120368888888,2013-11-29,9,0,45.0,92.44444444444444,,Pastick,,0.0,N,,,,,,
60.321309528571426,-158.72039682857144,2013-12-09,7,0,49.857142857142854,91.42857142857143,,Pastick,,0.0,N,,,,,,
60.40833333333333,-158.77092593333333,2013-11-29,3,0,54.666666666666664,95.0,,Pastick,,0.0,N,,,,,,
60.42689815,-158.51166666666668,2013-11-29,6,0,47.833333333333336,102.16666666666667,,Pastick,,0.0,N,,,,,,
60.433333325,-158.3470139,2013-11-29,4,0,103.0,123.25,,Pastick,,0.0,N,,,,,,
60.49493055000001,-158.71631945000001,2013-11-29,4,0,45.0,93.75,,Pastick,,0.0,N,,,,,,
60.1626923,-159.56055554615386,2013-11-29,13,0,44.07692307692308,93.84615384615384,,Pastick,,0.0,N,,,,,,
59.8646875,-156.33118053750002,2013-12-07,8,0,96.125,133.5,,Pastick,,0.0,N,,,,,,
59.661574083333335,-156.48407406666666,2013-11-29,6,0,84.16666666666667,110.0,,Pastick,,0.0,N,,,,,,
60.1955208375,-158.725833325,2013-11-29,8,0,58.625,93.125,,Pastick,,0.0,N,,,,,,
60.058333319999996,-159.24305556,2013-11-29,5,0,59.8,80.0,,Pastick,,0.0,N,,,,,,
60.38605556,-157.64494446,2013-11-29,5,0,52.0,92.0,,Pastick,,0.0,N,,,,,,
60.252361125,-157.75305553750002,2013-11-29,8,0,51.0,91.0,,Pastick,,0.0,N,,,,,,
60.61435184444445,-157.38864196666665,2013-11-29,9,0,84.0,121.11111111111111,,Pastick,,0.0,N,,,,,,
60.622888880000005,-156.98438887999998,2013-11-29,5,0,53.8,85.6,,Pastick,,0.0,N,,,,,,
60.48166665,-158.052152775,2013-11-29,4,0,50.75,85.75,,Pastick,,0.0,N,,,,,,
60.26222225,-157.15812499999998,2013-11-29,4,0,46.0,103.25,,Pastick,,0.0,N,,,,,,
60.2175,-156.99601851666668,2013-11-29,6,0,43.5,90.5,,Pastick,,0.0,N,,,,,,
60.35772222000001,-157.14438888,2013-11-29,5,0,81.4,111.0,,Pastick,,0.0,N,,,,,,
60.4051389,-157.21847225,2013-11-29,2,0,65.0,100.0,,Pastick,,0.0,N,,,,,,
60.742569474999996,-157.46423612499999,2013-11-29,4,0,86.75,116.75,,Pastick,,0.0,N,,,,,,
60.5374603,-156.7323412714286,2013-11-29,7,0,69.57142857142857,117.42857142857143,,Pastick,,0.0,N,,,,,,
60.317708325,-155.75513891249997,2013-11-29,8,0,47.125,78.375,,Pastick,,0.0,N,,,,,,
60.246150785714285,-156.6333333285714,2013-11-29,7,0,63.857142857142854,96.0,,Pastick,,0.0,N,,,,,,
60.604861108333345,-155.06780093333333,2013-11-29,12,0,40.416666666666664,86.41666666666667,,Pastick,,0.0,N,,,,,,
60.698888866666664,-155.15981479999996,2013-11-29,3,0,100.0,140.0,,Pastick,,0.0,N,,,,,,
60.58527776666667,-155.5425926,2013-11-29,3,0,53.666666666666664,87.0,,Pastick,,0.0,N,,,,,,
60.841230157142846,-155.1662301714286,2013-11-29,7,0,64.14285714285714,115.57142857142857,,Pastick,,0.0,N,,,,,,
60.474833319999995,-155.0041111,2013-11-29,5,0,47.6,78.2,,Pastick,,0.0,N,,,,,,
60.57155555999999,-154.58997223000003,2013-11-29,10,0,74.8,93.8,,Pastick,,0.0,N,,,,,,
60.42642855714286,-155.40055557142858,2013-11-29,7,0,68.57142857142857,97.85714285714286,,Pastick,,0.0,N,,,,,,
60.52876982857142,-155.9947619142857,2013-11-29,7,0,55.42857142857143,80.42857142857143,,Pastick,,0.0,N,,,,,,
60.57683334000001,-157.60616666,2013-11-29,5,0,55.0,73.0,,Pastick,,0.0,N,,,,,,
60.325486125000005,-156.8292361,2013-11-29,4,0,69.5,120.0,,Pastick,,0.0,N,,,,,,
59.80814816666666,-158.07194446666668,2013-11-29,3,0,108.33333333333333,141.0,,Pastick,,0.0,N,,,,,,
60.44061111999999,-155.74049999999997,2013-11-29,5,0,97.2,126.0,,Pastick,,0.0,N,,,,,,
59.202765685714276,-158.76725132857146,2013-12-09,7,0,65.71428571428571,111.42857142857143,,Pastick,,0.0,N,,,,,,
59.265895055555546,-158.62737654444447,2013-11-29,9,0,71.22222222222223,113.88888888888889,,Pastick,,0.0,N,,,,,,
59.29244444000001,-158.63013888999998,2013-11-29,10,0,69.8,110.8,,Pastick,,0.0,N,,,,,,
59.75097273571428,-160.26292397857145,2013-12-13,28,0,49.32142857142857,105.07142857142857,,Pastick,,0.0,N,,,,,,
60.02878661875,-159.86720767187504,2013-12-13,32,0,53.71875,91.8125,,Pastick,,0.0,N,,,,,,
59.73465612105264,-159.53463594736843,2013-12-13,19,0,52.94736842105263,111.15789473684211,,Pastick,,0.0,N,,,,,,
59.80518823333333,-159.5069375,2013-12-13,15,0,59.4,104.46666666666667,,Pastick,,0.0,N,,,,,,
59.91628625172415,-159.49496872758624,2013-12-13,29,0,47.55172413793103,111.93103448275862,,Pastick,,0.0,N,,,,,,
59.5425063625,-159.66597708749998,2013-12-13,8,0,73.0,123.75,,Pastick,,0.0,N,,,,,,
59.422574999999995,-161.15030835,2013-04-08,2,0,110.5,152.0,,Pastick,,0.0,N,,,,,,
59.162932049999995,-159.92239775,2013-12-13,4,0,83.0,152.0,,Pastick,,0.0,N,,,,,,
59.3226562,-159.00745262857143,2013-12-13,7,0,80.42857142857143,146.57142857142858,,Pastick,,0.0,N,,,,,,
63.754328409544215,-146.51319135029462,2003-07-22,23,1,17.217391304347824,58.608695652173914,,Pastick,1.0,19.956521739130434,N,,,,,,
63.749845059531324,-146.31215909525795,2003-07-07,23,0,12.869565217391305,56.56521739130435,,Pastick,3.0,20.217391304347824,N,,,,,,
63.732880857049814,-146.11139125264938,2002-11-19,28,1,25.857142857142858,62.607142857142854,,Pastick,1.0,18.785714285714285,N,,,,,,
63.71902131853986,-145.95972763445255,2002-02-20,25,0,23.6,80.48,,Pastick,3.0,18.68,N,,,,,,
63.835709929170186,-146.9421216157291,2003-07-12,63,1,14.666666666666666,52.44444444444444,,Pastick,1.0,18.253968253968253,N,,,,,,
63.82198584411986,-146.7563662880318,2003-07-14,48,0,11.916666666666666,56.854166666666664,,Pastick,5.0,19.666666666666668,N,,,,,,
63.82163426769106,-146.53477044883496,2003-07-24,50,0,14.76,57.36,,Pastick,1.0,21.5,N,,,,,,
63.821949881648486,-146.33049619989285,2003-08-02,63,1,30.095238095238095,60.3968253968254,,Pastick,1.0,26.285714285714285,N,,,,,,
63.81035256966195,-146.10840940704335,2002-09-18,31,0,22.322580645161292,74.09677419354838,,Pastick,1.0,19.516129032258064,N,,,,,,
63.81882730304626,-145.87381427354757,2000-09-16,31,0,27.677419354838708,80.70967741935483,,Pastick,3.0,14.161290322580646,N,,,,,,
63.82614168674628,-145.73546963656466,2003-10-23,29,0,16.655172413793103,65.24137931034483,,Pastick,1.0,10.318181818181818,N,,,,,,
63.82232555163493,-145.0701714531593,2004-07-09,14,0,9.285714285714286,111.21428571428571,,Pastick,1.0,9.285714285714286,N,,,,,,
63.81575322652696,-144.95588714387722,2018-01-29,104,1,53.35576923076923,56.04807692307692,,Schaefer_2020,1.0,16.25,N,,,,,,
63.89833245286708,-146.89205141073433,2003-03-20,37,1,22.27027027027027,56.67567567567568,,Pastick,2.0,25.35135135135135,N,,,,,,
63.89723317597348,-146.73922857385705,2003-05-30,57,1,21.42105263157895,59.24561403508772,,Pastick,1.0,26.56140350877193,N,,,,,,
63.88561488139819,-146.5527495306087,2003-06-25,23,1,20.782608695652176,59.08695652173913,,Pastick,5.0,20.82608695652174,N,,,,,,
63.885260242211515,-146.38351064662214,2003-06-29,8,0,9.75,56.0,,Pastick,1.0,16.375,N,,,,,,
63.930397786261345,-146.13933570709625,2002-08-01,27,1,29.0,66.51851851851852,,Pastick,3.0,27.59259259259259,N,,,,,,
63.88594258857629,-145.93637188966835,2002-01-27,16,1,33.4375,97.5,,Pastick,2.0,18.75,N,,,,,,
63.910206359980776,-145.68255031238007,2000-08-06,17,0,28.529411764705884,101.3529411764706,,Pastick,7.0,16.0,N,,,,,,
63.91139433826196,-145.57038399611372,2000-07-16,9,1,41.111111111111114,82.55555555555556,,Pastick,2.0,16.88888888888889,N,,,,,,
63.92120534530536,-145.35888377632094,2012-05-18,117,1,77.1880341880342,94.06837606837607,,Schaefer_2020,1.0,9.75,N,,,,,,
63.92103670455951,-145.17992744910651,2004-07-25,7,0,0.0,140.57142857142858,,Pastick,1.0,3.7142857142857144,N,,,,,,
63.97120561445853,-146.87700147411064,2002-07-24,12,0,19.166666666666668,84.58333333333333,,Pastick,1.0,16.666666666666668,N,,,,,,
63.99414749641401,-146.7433482626307,2002-09-07,87,1,19.114942528735632,68.58620689655173,,Pastick,1.0,19.114942528735632,N,,,,,,
63.99988340143587,-146.54001059304116,2002-07-06,41,1,26.4390243902439,48.46341463414634,,Pastick,1.0,25.5609756097561,N,,,,,,
64.0359762779443,-146.23234420438408,2002-06-29,9,1,23.0,66.11111111111111,,Pastick,1.0,23.0,N,,,,,,
63.99218598251108,-146.1210429224975,2002-07-16,40,1,33.175,69.475,,Pastick,1.0,20.85,N,,,,,,
63.957897635565296,-145.97845178034152,2002-07-22,9,1,49.888888888888886,59.111111111111114,,Pastick,1.0,36.77777777777778,N,,,,,,
63.993147767683546,-145.70589951884813,2000-06-28,6,0,0.0,87.5,,Pastick,3.0,5.666666666666667,N,,,,,,
64.00658175477419,-145.55025963251967,2003-10-27,11,0,0.0,98.63636363636364,,Pastick,1.0,3.5454545454545454,N,,,,,,
63.9762718550663,-145.07331401105387,2004-07-23,8,0,0.0,203.125,,Pastick,1.0,2.25,N,,,,,,
64.07686030784797,-146.72442198144034,2002-09-04,49,1,20.53061224489796,63.93877551020408,,Pastick,2.0,18.571428571428573,N,,,,,,
64.09298262362994,-146.52635340455433,2002-07-14,43,1,27.906976744186046,65.34883720930233,,Pastick,1.0,29.930232558139537,N,,,,,,
64.08582045444896,-146.38447207401268,2002-07-25,31,1,30.129032258064516,63.32258064516129,,Pastick,3.0,25.0,N,,,,,,
64.07074334532578,-146.2013089968786,2002-07-25,7,0,18.428571428571427,82.28571428571429,,Pastick,1.0,21.714285714285715,N,,,,,,
64.1690430387796,-146.71115450668916,2002-06-23,36,1,22.0,62.888888888888886,,Pastick,1.0,23.86111111111111,N,,,,,,
64.17463327522312,-146.56612901407738,2002-07-18,27,1,26.25925925925926,58.111111111111114,,Pastick,1.0,26.037037037037038,N,,,,,,
64.24222180320216,-146.72142927379767,2003-06-18,12,0,1.5,64.5,,Pastick,1.0,6.166666666666667,N,,,,,,
63.006377303862934,-151.65422002142353,1999-07-10,9,0,19.333333333333332,97.11111111111111,,Pastick,1.0,4.0,N,,,,,,
63.10721811889937,-151.64821820256495,1999-08-05,10,0,20.3,100.3,,Pastick,1.0,4.8,N,,,,,,
63.165242076805185,-151.51203372493748,2002-08-15,3,0,0.0,150.0,,Pastick,2.0,6.0,N,,,,,,
63.21897931572157,-152.0278744661863,1999-08-22,2,0,0.0,100.0,,Pastick,1.0,6.5,N,,,,,,
63.19722378615205,-151.9632003907643,1999-08-21,8,1,34.875,72.5,,Pastick,1.0,30.75,N,,,,,,
63.20955031085209,-151.682202820259,1999-07-12,11,0,14.545454545454545,83.27272727272727,,Pastick,2.0,18.09090909090909,N,,,,,,
63.23770720786505,-151.47138010085683,1999-11-14,20,0,17.5,108.95,,Pastick,1.0,6.55,N,,,,,,
63.226201833874164,-151.11310589256547,1999-10-24,11,0,16.818181818181817,112.27272727272727,,Pastick,1.0,4.090909090909091,N,,,,,,
63.247062847702196,-150.94683732579583,1999-11-10,9,0,8.666666666666666,103.11111111111111,,Pastick,1.0,2.2222222222222223,N,,,,,,
63.32827901097571,-152.18293925891194,2001-09-05,6,1,43.333333333333336,118.33333333333333,,Pastick,3.0,11.333333333333334,N,,,,,,
63.29698658089321,-151.92559754867125,1999-07-24,11,0,10.090909090909092,97.36363636363636,,Pastick,1.0,38.18181818181818,N,,,,,,
63.32203057794275,-151.7269639834496,1999-08-19,15,0,12.866666666666667,91.93333333333334,,Pastick,1.0,16.0,N,,,,,,
63.291455229313584,-151.54976237183735,1999-08-16,9,1,37.0,85.11111111111111,,Pastick,3.0,25.333333333333332,N,,,,,,
63.29060083360513,-151.10760176789097,1999-01-15,22,0,15.727272727272727,117.31818181818181,,Pastick,2.0,8.636363636363637,N,,,,,,
63.30101953904701,-150.8856806350706,1999-05-29,15,0,28.133333333333333,100.8,,Pastick,1.0,5.2,N,,,,,,
63.329050096834514,-150.73136434880317,1998-07-29,25,0,6.84,114.28,,Pastick,1.0,7.88,N,,,,,,
63.31420908863644,-150.32231640626242,1998-07-24,13,0,36.23076923076923,101.38461538461539,,Pastick,1.0,3.6923076923076925,N,,,,,,
63.383012085921024,-152.0471608422449,1999-10-10,12,1,56.5,68.58333333333333,,Pastick,2.0,21.916666666666668,N,,,,,,
63.4328189228856,-151.69751835425808,1999-08-16,21,1,34.904761904761905,77.14285714285714,,Pastick,1.0,42.61904761904762,N,,,,,,
63.409500461958466,-151.3280440139092,1999-08-31,12,1,41.75,85.5,,Pastick,4.0,34.416666666666664,N,,,,,,
63.39753725136154,-151.11569111167307,1999-02-25,22,0,26.727272727272727,101.95454545454545,,Pastick,1.0,24.681818181818183,N,,,,,,
63.43670406778962,-150.8257796940713,1998-08-24,5,0,17.6,117.6,,Pastick,3.0,11.4,N,,,,,,
63.36258202305378,-150.61496791553174,1998-07-21,7,0,9.0,96.42857142857143,,Pastick,1.0,8.857142857142858,N,,,,,,
63.39146583545436,-150.53851665891435,1999-01-12,17,0,18.58823529411765,97.6470588235294,,Pastick,1.0,8.294117647058824,N,,,,,,
63.363162047705586,-150.37027484135353,1998-07-09,9,0,12.777777777777779,108.22222222222223,,Pastick,1.0,4.777777777777778,N,,,,,,
63.4377615288366,-150.0624048139144,1998-07-08,6,0,3.3333333333333335,99.16666666666667,,Pastick,2.0,7.833333333333333,N,,,,,,
63.40813273328491,-149.00404038935898,2000-06-20,12,0,0.0,138.66666666666666,,Pastick,1.0,11.0,N,,,,,,
63.46683707340156,-152.0144969593537,2000-08-26,6,1,55.333333333333336,61.166666666666664,,Pastick,3.0,21.166666666666668,N,,,,,,
63.49411237579932,-151.91297433654202,1999-11-05,11,0,27.90909090909091,101.63636363636364,,Pastick,2.0,15.909090909090908,N,,,,,,
63.46379053515373,-151.742318493451,1999-08-22,10,0,9.3,98.9,,Pastick,2.0,15.7,N,,,,,,
63.532884985369066,-151.50089057324462,1999-09-05,6,1,42.833333333333336,67.83333333333333,,Pastick,2.0,39.166666666666664,N,,,,,,
63.49213816019883,-151.29096533510574,1999-12-03,11,1,44.63636363636363,79.27272727272727,,Pastick,1.0,20.90909090909091,N,,,,,,
63.4618931713443,-151.11938774145003,1998-08-20,14,0,41.285714285714285,102.57142857142857,,Pastick,2.0,14.5,N,,,,,,
63.4913623014271,-150.8593745988702,1998-12-02,22,0,35.72727272727273,98.13636363636364,,Pastick,1.0,9.636363636363637,N,,,,,,
63.514932293799596,-150.71663841469018,1999-06-23,11,1,32.81818181818182,66.36363636363636,,Pastick,2.0,23.727272727272727,N,,,,,,
63.49761597492665,-150.54121860523952,1999-10-15,14,0,6.285714285714286,114.14285714285714,,Pastick,2.0,4.642857142857143,N,,,,,,
63.462926386441914,-150.22060963416305,2018-08-04,7015,1,63.60608410548816,63.770018531717746,,Patton_2021,2.0,4.888888888888889,,,,,,,
63.47559196638187,-150.158950260629,1999-03-29,13,0,28.666666666666668,116.53846153846153,101.0,Pastick,1.0,4.083333333333333,N,,,,,,
63.49810142511136,-149.89771314502067,1998-03-13,18,0,12.333333333333334,95.0,,Pastick,2.0,12.11111111111111,N,,,,,,
63.51020448739256,-149.7631728039739,1997-07-17,7,1,49.42857142857143,104.0,,Pastick,1.0,7.0,N,,,,,,
63.48551597944577,-149.52876964098883,1999-04-15,6,0,13.5,105.16666666666667,,Pastick,1.0,5.0,N,,,,,,
63.51237369058884,-149.31186471165302,1998-05-21,18,0,7.777777777777778,136.11111111111111,,Pastick,1.0,9.277777777777779,N,,,,,,
63.47886032705444,-149.0821636105703,2001-02-15,23,0,7.782608695652174,110.52173913043478,,Pastick,1.0,5.304347826086956,N,,,,,,
63.49463245387162,-148.85964725611814,2000-11-05,18,0,4.444444444444445,105.05555555555556,,Pastick,1.0,8.722222222222221,N,,,,,,
63.61157560685778,-152.07984868745436,2000-09-06,9,0,19.77777777777778,114.66666666666667,,Pastick,1.0,21.88888888888889,N,,,,,,
63.58269461648934,-151.87482922883646,1999-09-03,11,1,24.0,75.45454545454545,,Pastick,2.0,30.09090909090909,N,,,,,,
63.617708824593,-151.60377757374718,1999-08-06,5,1,36.6,76.6,,Pastick,2.0,27.2,N,,,,,,
63.53670322145232,-151.53513790668495,1999-09-05,4,0,14.0,117.75,,Pastick,1.0,9.0,N,,,,,,
63.585113343202366,-151.33776396652647,1999-08-18,10,0,16.7,94.4,,Pastick,2.0,29.0,N,,,,,,
63.588398131046716,-151.0125165660546,2000-08-28,3,1,65.33333333333333,75.66666666666667,,Pastick,1.0,35.0,N,,,,,,
63.60049633251145,-150.69743506411064,1998-12-16,27,0,65.44444444444444,92.14814814814815,,Pastick,1.0,8.0,Y,,,,,,
63.58106364001408,-150.5534086546221,2002-08-19,5,0,17.2,137.2,,Pastick,1.0,9.4,N,,,,,,
63.57747411277255,-150.25416403279553,1999-07-23,4,0,8.5,93.25,,Pastick,1.0,8.0,N,,,,,,
63.6167935701045,-149.9055038153408,1997-07-25,11,0,12.272727272727273,116.18181818181819,,Pastick,2.0,6.454545454545454,N,,,,,,
63.60352599574007,-149.70384458361224,1999-08-11,5,0,0.0,96.4,,Pastick,1.0,2.2,N,,,,,,
63.5899717016401,-149.50931290088846,2001-08-02,10,0,8.9,115.6,,Pastick,1.0,7.4,N,,,,,,
63.582522581342424,-149.29526627894035,1997-07-24,21,0,14.285714285714286,111.61904761904762,,Pastick,2.0,6.904761904761905,N,,,,,,
63.583326780755264,-149.0486620577442,1999-03-27,12,0,0.0,106.5,,Pastick,1.0,5.833333333333333,N,,,,,,
63.58612243708261,-148.9206428227955,2001-04-05,9,0,16.0,106.44444444444444,,Pastick,1.0,11.88888888888889,N,,,,,,
63.677344766194174,-152.08013998369682,2000-08-11,9,1,29.555555555555557,94.55555555555556,,Pastick,1.0,25.88888888888889,N,,,,,,
63.694642450866496,-151.9035048744845,1999-09-06,9,1,50.333333333333336,94.77777777777777,,Pastick,1.0,21.555555555555557,N,,,,,,
63.6534849411291,-151.71449247391078,1999-08-31,12,0,18.666666666666668,102.83333333333333,,Pastick,3.0,32.833333333333336,N,,,,,,
63.67250154215801,-151.5651599816732,1999-08-29,12,0,0.0,112.5,,Pastick,5.0,7.583333333333333,N,,,,,,
63.70205987336002,-151.2502953521775,1999-07-28,9,0,17.444444444444443,90.66666666666667,,Pastick,1.0,15.666666666666666,N,,,,,,
63.65788399529474,-151.05391254955435,1999-07-27,7,0,17.571428571428573,79.71428571428571,,Pastick,1.0,19.714285714285715,N,,,,,,
63.69197637343891,-150.9205707093744,2000-01-03,3,1,59.333333333333336,73.33333333333333,,Pastick,1.0,27.0,N,,,,,,
63.7141147035432,-150.77220408053785,1998-08-10,2,0,72.5,90.0,,Pastick,1.0,12.0,Y,,,,,,
63.675438956556974,-150.47754038504695,1998-08-14,36,0,43.666666666666664,94.25,,Pastick,2.0,11.86111111111111,N,,,,,,
63.668185866831266,-150.20730224658513,1998-07-13,8,1,34.375,72.0,,Pastick,1.0,20.875,N,,,,,,
63.688104281623865,-150.05598864371908,1998-12-27,18,0,26.38888888888889,90.33333333333333,,Pastick,1.0,13.944444444444445,N,,,,,,
63.64401102969774,-149.6438622578356,1998-03-09,22,0,21.545454545454547,108.63636363636364,,Pastick,1.0,8.590909090909092,N,,,,,,
63.66248583758244,-149.44739315190768,1997-07-31,25,0,22.72,100.76,,Pastick,2.0,15.92,N,,,,,,
63.688421995258814,-149.27502140869012,1998-05-03,13,0,19.076923076923077,96.61538461538461,,Pastick,1.0,9.307692307692308,N,,,,,,
63.66503146701639,-149.05104481115987,1998-08-08,27,0,15.296296296296296,114.44444444444444,,Pastick,1.0,8.925925925925926,N,,,,,,
63.68189198247878,-148.8489744019803,1998-03-20,27,0,17.185185185185187,104.92592592592592,,Pastick,1.0,10.703703703703704,N,,,,,,
63.75354913985096,-152.16286066783695,2000-09-09,10,1,32.9,95.3,,Pastick,2.0,20.8,N,,,,,,
63.76201099704725,-151.94240643550054,2000-08-09,11,0,18.363636363636363,118.36363636363636,,Pastick,1.0,16.727272727272727,N,,,,,,
63.765337549055026,-151.73807218584292,2000-01-22,17,1,46.1764705882353,76.6470588235294,,Pastick,1.0,31.529411764705884,N,,,,,,
63.784484486283915,-151.46598241396856,2000-09-11,2,0,0.0,150.0,,Pastick,5.0,41.5,N,,,,,,
63.718948714489045,-151.2412908868271,1999-07-28,2,0,0.0,100.0,,Pastick,1.0,2.5,N,,,,,,
63.727273575193045,-150.9931446107077,1998-09-03,2,1,55.0,62.5,,Pastick,1.0,55.0,N,,,,,,
63.76271672444526,-150.88699849342794,1998-09-04,18,0,53.77777777777778,100.88888888888889,,Pastick,2.0,16.833333333333332,N,,,,,,
63.72246732563345,-150.77825140184532,1998-08-10,10,0,55.0,77.6,,Pastick,3.0,16.7,Y,,,,,,
63.772723659510525,-150.3552717228858,2002-08-29,2,1,43.0,53.5,,Pastick,1.0,30.5,N,,,,,,
63.76835725284555,-149.99993210444882,1999-07-24,4,1,44.5,56.25,,Pastick,1.0,29.0,N,,,,,,
63.776135303851895,-149.9573695939812,1998-07-11,8,0,34.125,104.625,,Pastick,1.0,26.75,N,,,,,,
63.78213976786744,-149.71641163863518,1997-08-08,19,0,22.63157894736842,106.57894736842105,,Pastick,1.0,9.421052631578947,N,,,,,,
63.768685184259816,-149.45939992373675,2000-04-10,28,0,20.892857142857142,110.96428571428571,,Pastick,1.0,8.75,N,,,,,,
63.747456827089955,-149.26491770959063,2000-04-27,20,0,14.8,115.9,,Pastick,1.0,6.8,N,,,,,,
63.720946519571164,-149.1459384993119,1997-08-28,11,0,13.272727272727273,111.0,,Pastick,1.0,8.181818181818182,N,,,,,,
63.74666278745902,-148.93493825733609,1997-09-05,12,0,17.25,101.75,,Pastick,1.0,12.25,N,,,,,,
63.81970626696845,-152.1057228520651,2002-08-30,2,0,0.0,150.0,,Pastick,1.0,0.0,N,,,,,,
63.842805460102994,-151.9250509295112,2002-08-31,2,0,57.5,57.5,,Pastick,1.0,10.0,Y,,,,,,
63.86346615293564,-151.71621698673812,2000-08-30,9,1,52.111111111111114,92.0,,Pastick,1.0,39.44444444444444,N,,,,,,
63.84404781876064,-151.49865713447886,2000-09-03,11,0,27.818181818181817,106.81818181818181,,Pastick,1.0,40.45454545454545,N,,,,,,
63.85230764591253,-151.2894924862854,2000-12-17,12,0,4.5,121.16666666666667,,Pastick,2.0,28.166666666666668,N,,,,,,
63.834411802539734,-151.18666684242322,2000-08-16,2,0,22.5,97.5,,Pastick,1.0,13.5,N,,,,,,
63.85337408820971,-150.89522501845525,1998-09-01,28,1,37.42857142857143,89.39285714285714,,Pastick,1.0,40.5,N,,,,,,
63.81186483092077,-150.7857579446858,1998-09-05,2,1,53.0,64.5,,Pastick,2.0,37.0,N,,,,,,
63.82863909123457,-150.54161877441055,1999-02-10,15,0,48.53333333333333,67.26666666666667,,Pastick,1.0,15.333333333333334,Y,,,,,,
63.85737662818076,-150.29332532771434,1998-10-06,22,0,29.954545454545453,102.95454545454545,,Pastick,1.0,17.272727272727273,N,,,,,,
63.82264933977656,-150.04405229595233,2001-02-06,10,1,33.44444444444444,89.6,101.0,Pastick,1.0,26.77777777777778,N,,,,,,
63.85709021473988,-149.92219733312695,2000-08-04,10,1,21.6,96.6,,Pastick,1.0,27.2,N,,,,,,
63.880266999999996,-149.25613499999997,2013-08-11,93,1,42.75627240143369,42.756272401433684,,Schaefer_2020,,,,,,,,,
63.91112392501736,-152.0291692458664,2000-09-07,11,1,34.54545454545455,76.9090909090909,,Pastick,3.0,49.90909090909091,N,,,,,,
63.944828033248314,-151.73555915173648,2000-08-23,7,1,29.571428571428573,91.0,,Pastick,3.0,58.0,N,,,,,,
63.927331153167664,-151.48134205323205,2000-08-24,14,0,48.714285714285715,101.07142857142857,,Pastick,2.0,36.357142857142854,N,,,,,,
63.97066672646839,-151.18662069435837,2000-08-28,6,1,39.5,91.66666666666667,,Pastick,3.0,26.5,N,,,,,,
63.89661827399681,-150.97714591981443,1998-08-22,3,0,14.0,122.0,,Pastick,3.0,122.0,N,,,,,,
63.91693134796988,-150.70614962349447,1999-01-30,10,1,67.2,101.6,,Pastick,1.0,20.1,N,,,,,,
63.932827274051895,-150.51420899504444,1998-09-06,12,1,63.166666666666664,83.5,,Pastick,1.0,16.166666666666668,N,,,,,,
63.949722765145786,-150.08840097135732,1998-11-11,30,1,51.266666666666666,84.6,,Pastick,2.0,18.566666666666666,N,,,,,,
63.965984912347785,-149.8767705696368,1998-03-24,17,1,46.23529411764706,64.05882352941177,,Pastick,1.0,23.11764705882353,N,,,,,,
63.948586391073746,-149.63608460377102,1999-09-17,19,0,31.157894736842106,89.26315789473684,,Pastick,1.0,9.421052631578947,N,,,,,,
63.956141773619926,-149.47428247061774,1997-08-14,11,0,39.18181818181818,116.45454545454545,,Pastick,1.0,17.272727272727273,N,,,,,,
63.94798300798927,-149.26903950159547,1999-02-14,32,0,17.5,105.5625,,Pastick,1.0,15.5625,N,,,,,,
64.03422271713835,-151.80119015013773,2001-09-02,2,1,59.5,66.5,,Pastick,2.0,52.0,N,,,,,,
64.01518383942091,-151.7549432962284,2001-06-04,18,1,50.44444444444444,106.05555555555556,,Pastick,1.0,46.833333333333336,N,,,,,,
63.99283405784366,-151.40292231007797,2000-08-15,3,0,62.0,112.0,,Pastick,1.0,11.666666666666666,N,,,,,,
63.988745118954114,-151.3235761783047,2000-12-17,6,0,32.666666666666664,110.83333333333333,,Pastick,1.0,15.666666666666666,N,,,,,,
63.98501878323263,-151.19078487727677,2000-08-28,2,0,0.0,150.0,,Pastick,2.0,3.0,N,,,,,,
63.99174197007527,-150.6477933969706,1998-09-04,13,1,60.15384615384615,76.23076923076923,,Pastick,1.0,30.46153846153846,N,,,,,,
63.99821452347322,-150.39961764498463,1998-08-08,7,1,40.285714285714285,68.42857142857143,,Pastick,4.0,14.571428571428571,N,,,,,,
63.99518333753148,-150.37715517013763,1998-08-08,3,1,31.0,66.0,,Pastick,1.0,24.666666666666668,N,,,,,,
63.98458322354462,-150.14724954974787,1998-08-07,4,0,60.5,86.0,,Pastick,1.0,16.0,Y,,,,,,
63.986027485789755,-149.9169129907991,1997-08-21,11,1,28.545454545454547,93.36363636363636,,Pastick,1.0,17.90909090909091,N,,,,,,
63.46354951675892,-152.37263263388695,2000-08-29,11,0,16.545454545454547,102.36363636363636,,Pastick,2.0,39.0,N,,,,,,
63.620692521352694,-152.49509428206272,2000-08-27,18,0,25.055555555555557,101.11111111111111,,Pastick,1.0,48.333333333333336,N,,,,,,
63.58067072882473,-152.37069785227908,2000-08-10,2,0,21.0,105.0,,Pastick,3.0,40.5,N,,,,,,
63.20330023021468,-149.8530296577542,2000-07-12,20,0,0.0,92.25,,Pastick,1.0,3.5,N,,,,,,
63.247480305030955,-149.71112990582606,2000-07-14,5,0,0.0,95.8,,Pastick,1.0,19.8,N,,,,,,
63.216504499917164,-149.39539308357178,2002-07-22,2,0,0.0,150.0,,Pastick,1.0,62.0,N,,,,,,
63.29540434943685,-149.84959871542947,2000-06-26,19,0,0.0,111.21052631578948,,Pastick,1.0,4.578947368421052,N,,,,,,
63.28508986493488,-149.59108680528865,2001-11-24,12,0,0.0,114.33333333333333,101.0,Pastick,1.0,23.727272727272727,N,,,,,,
63.28884574374779,-149.43538464683,2001-03-01,19,0,0.0,126.3157894736842,,Pastick,1.0,14.842105263157896,N,,,,,,
63.31148390175451,-149.2751730271515,2000-07-11,3,0,0.0,133.33333333333334,,Pastick,1.0,56.333333333333336,N,,,,,,
63.352204770655845,-149.78972164199436,2000-07-12,13,0,0.0,121.53846153846153,,Pastick,1.0,2.769230769230769,N,,,,,,
63.375707295677344,-149.63789574546226,2000-06-24,10,0,0.0,145.0,,Pastick,1.0,1.3,N,,,,,,
63.394908588103426,-149.44347081489738,2000-07-17,2,0,0.0,150.0,,Pastick,1.0,2.5,N,,,,,,
63.38211287607016,-149.29611637063005,2000-06-28,14,0,3.7857142857142856,109.92857142857143,,Pastick,1.0,10.571428571428571,N,,,,,,
64.64616708449458,-147.01296659546475,1997-12-30,9,0,7.666666666666667,111.77777777777777,,Pastick,8.0,12.666666666666666,N,,,,,,
64.6169375354367,-146.73218779247657,1999-11-10,6,0,15.166666666666666,76.0,,Pastick,4.0,11.666666666666666,N,,,,,,
64.60858701081177,-146.62487773329,1999-10-05,21,0,1.5714285714285714,71.71428571428571,,Pastick,5.0,13.285714285714286,Y,,,,,,
64.62207192603711,-146.45573027033998,1999-08-24,4,0,19.0,82.5,,Pastick,1.0,10.25,Y,,,,,,
64.61934500179805,-146.24479357519704,1999-08-10,5,0,8.4,52.6,,Pastick,1.0,12.0,N,,,,,,
64.71329738781206,-147.05364861742873,1997-08-09,6,0,21.666666666666668,143.33333333333334,,Pastick,1.0,18.5,N,,,,,,
64.68005079179922,-146.8029642582073,1999-08-02,10,0,0.0,76.9,,Pastick,4.0,7.8,Y,,,,,,
64.66884839530006,-146.3053987709706,1999-08-11,3,0,0.0,463.0,,Pastick,1.0,16.666666666666668,Y,,,,,,
64.68282250461898,-146.2148116772447,1999-08-10,7,0,8.857142857142858,64.0,,Pastick,1.0,9.0,Y,,,,,,
64.7774112858112,-146.64709740449746,1999-08-25,3,0,0.0,88.0,,Pastick,5.0,13.666666666666666,Y,,,,,,
64.89126457419623,-147.11730664272525,1997-06-24,11,0,19.272727272727273,100.63636363636364,,Pastick,1.0,8.181818181818182,N,,,,,,
64.3858093301417,-147.40094509396397,1997-07-16,23,0,5.869565217391305,103.82608695652173,,Pastick,2.0,18.26086956521739,N,,,,,,
64.36479761417382,-147.24371862469764,1997-07-24,2,0,19.0,115.0,,Pastick,11.0,19.0,N,,,,,,
64.4475084821202,-147.43093604924871,1997-07-25,2,1,35.0,130.0,,Pastick,10.0,6.0,N,,,,,,
63.60028726080919,-146.14798447175832,2002-08-14,2,1,20.0,90.0,,Pastick,3.0,15.5,N,,,,,,
67.13722668488222,-150.87795417088893,2008-11-24,45,1,36.733333333333334,83.0,,Pastick,,12.777777777777779,,,,,,,
67.3114783984,-153.44010780525,2008-08-08,4,1,23.75,51.5,,Pastick,,18.25,,,,,,,
67.93263653590769,-155.03267525638464,2009-03-26,13,1,40.125,55.80769230769231,101.0,Pastick,,17.833333333333332,,,,,,,
68.07023762199998,-153.01121696,2010-07-18,5,1,42.8,39.4,,Pastick,,0.0,,,,,,,
67.71173111110001,-154.70895388900001,2008-08-05,3,1,24.333333333333332,52.0,,Pastick,,2.1666666666666665,,,,,,,
67.87700555556363,-153.27163105745456,2008-08-03,11,1,13.272727272727273,37.45454545454545,,Pastick,,7.090909090909091,,,,,,,
67.86911937960834,-150.87094732075002,2008-08-07,12,1,19.083333333333332,44.416666666666664,,Pastick,,10.416666666666666,,,,,,,
62.997008551106916,-146.11512510447025,1998-10-16,12,0,18.916666666666668,101.5,,Pastick,1.0,30.0,N,,,,,,
63.18747492838309,-145.8862373352592,1997-11-14,8,0,0.0,138.125,,Pastick,1.0,8.375,N,,,,,,
63.20158718894787,-145.81494812677778,1999-01-04,4,0,7.0,121.0,,Pastick,1.0,5.75,N,,,,,,
63.279442773672294,-145.78516054197732,1998-08-08,9,0,10.444444444444445,116.55555555555556,,Pastick,1.0,6.0,N,,,,,,
63.365540420913305,-145.75504509671907,1997-10-31,3,0,12.0,88.0,,Pastick,1.0,14.333333333333334,N,,,,,,
63.42244509725571,-145.77560706218145,1999-01-07,2,0,0.0,152.0,,Pastick,1.0,0.0,N,,,,,,
63.64630343634972,-158.01116820089447,2010-07-16,20,0,59.5,,,Pastick,,,,,,,,,
62.95607151257121,-159.58249799978256,2010-08-04,155,0,55.748387096774195,,,Pastick,,,,,,,,,
62.91310249336213,-159.47385584701885,2010-07-23,79,0,57.12,,,Pastick,,,,,,,,,
62.99735933086501,-159.19212777752048,2010-07-28,60,0,86.7090909090909,,,Pastick,,,,,,,,,
63.02765360497811,-158.90290852988457,2010-07-27,40,0,50.22222222222222,,,Pastick,,,,,,,,,
64.63819068260581,-149.0470701156495,2002-08-20,3,0,41.666666666666664,161.66666666666666,,Pastick,1.0,2.6666666666666665,N,,,,,,
63.52335789739855,-155.93682122708069,2018-08-15,4601,1,98.31880243425374,98.31880243425343,,Patton_2021,0.0,,,,,,,,
70.16727701402387,-148.5600899369411,2019-06-11,1410,1,58.368824407116755,58.741550798814956,1.9961977186311788,Schaefer_2020,20.0,,,,,,,,
70.23306190190367,-148.4404174906499,2020-08-15,474,1,45.51476793248945,45.51476793248945,0.0,Peirce_2020,0.0,,,,,,,,
61.17932623188877,-162.78161737652792,2016-04-08,31781,1,67.3422722845064,67.34227228450496,,Schaefer_2020,,,,,,,,,
61.267862705599924,-163.23748969071667,2014-08-11,25019,1,63.80521407327819,63.805214073280574,,Schaefer_2020,,,,,,,,,
61.278027063306794,-162.62968204154885,2014-08-11,3396,1,69.64011279530335,69.64011279530305,,Schaefer_2020,,,,,,,,,
61.287896076322866,-162.86774708256146,2013-08-11,4966,1,73.38726672810836,73.38726672810851,,Schaefer_2020,,,,,,,,,
61.35480355563693,-163.09647669874394,2014-08-13,4937,1,67.78560440378656,67.78560440378656,,Schaefer_2020,,,,,,,,,
62.6972409060194,-141.14274462718444,2018-08-13,103,1,56.090401721618115,56.09040172161812,,Schaefer_2020,,,,,,,,,
64.3882384979208,-146.88148268811884,2014-08-12,101,1,64.43083368942241,64.43083368942244,,Schaefer_2020,,,,,,,,,
68.82963666666666,-148.83602333333334,2016-08-15,3,1,56.43333333333334,56.43333333333334,,Schaefer_2020,,,,,,,,,
68.91644674491918,-148.84761474189798,2016-08-16,1549,1,51.42857327307948,51.42857327307941,,Schaefer_2020,,,,,,,,,
69.09284888991188,-148.82929025682327,2015-03-23,31325,1,50.662741306575036,50.662741306578496,,Schaefer_2020,,,,,,,,,
69.14900605165882,-148.84273270652005,2014-08-13,2592,1,24.738369525279303,24.748014587007642,101.0,Schaefer_2020,,,,,,,,,
71.2894687060461,-156.61421443280238,2014-10-22,49008,1,40.22054674145731,40.389504480274866,101.0,Schaefer_2020,,,,,,,,,
71.25173279479276,-156.54643130261414,2014-08-12,8757,1,42.882478527453046,42.882478527453024,,Schaefer_2020,,,,,,,,,
60.954904000000006,-117.35221118181816,2011-02-10,11,1,65.25757575727272,65.25757575727272,,Schaefer_2020,,,,,,,,,
60.938250624999995,-117.08474687500001,2012-10-02,16,1,96.18125000062501,96.181250000625,,Schaefer_2020,,,,,,,,,
61.619664799999995,-117.12878859999998,2013-08-11,5,1,89.608,89.608,,Schaefer_2020,,,,,,,,,
61.745205454545456,-116.83501909090909,2013-08-11,11,1,77.9090909090909,77.9090909090909,,Schaefer_2020,,,,,,,,,
62.034780000000005,-116.3131225,2013-08-10,8,1,81.33375000625,81.33375000625,,Schaefer_2020,,,,,,,,,
62.372591190476214,-113.0909804761905,2013-08-10,42,1,62.5912698404762,62.5912698404762,,Schaefer_2020,,,,,,,,,
62.428388235294115,-113.10854411764706,2013-08-10,17,1,76.2647058817647,76.2647058817647,,Schaefer_2020,,,,,,,,,
62.502819615384624,-113.43942807692306,2013-08-10,26,1,54.439102564615396,54.43910256461538,,Schaefer_2020,,,,,,,,,
62.553975,-116.41173,2013-08-10,2,1,68.5,68.5,,Schaefer_2020,,,,,,,,,
64.73706069650258,-165.95651627440654,2017-12-05,345,1,62.86597938144328,62.865979381443296,,Seward,,,,,,,,,
65.16262348769469,-164.82150081124865,2018-08-07,278,1,38.509803921568626,38.509803921568626,101.0,Seward,,,,,,,,,
68.71226944100002,-149.84443864999997,2014-08-12,10,1,32.8,32.8,,Schaefer_2020,,,,,,,,,
68.71495909090909,-149.02959181818184,2018-08-15,11,1,47.18181818181818,47.18181818181818,,Schaefer_2020,,,,,,,,,
68.91002999999999,-150.66061066666668,2013-08-11,3,1,58.01666666666666,58.01666666666666,,Schaefer_2020,,,,,,,,,
68.91331299999999,-150.46248450000002,2013-08-11,2,1,66.35,66.35,,Schaefer_2020,,,,,,,,,
68.94491318613446,-150.2415916941176,2017-07-23,119,1,57.94562932907368,57.945629329073675,,Schaefer_2020,,,,,,,,,
69.0232992,-150.6890388,2013-08-11,5,1,56.32000000000001,56.32000000000001,,Schaefer_2020,,,,,,,,,
69.01871875399999,-150.45218604000002,2013-08-11,5,1,59.761568627450984,59.761568627450984,,Schaefer_2020,,,,,,,,,
68.99053384507462,-150.27259251343284,2018-04-27,67,1,67.77320098852144,67.77320098852144,,Schaefer_2020,,,,,,,,,
69.10126600000001,-150.70696266666667,2013-08-11,3,1,58.86666666666667,58.86666666666667,,Schaefer_2020,,,,,,,,,
69.08868103333333,-150.44701096666668,2013-08-11,3,1,60.20068027210885,60.20068027210885,,Schaefer_2020,,,,,,,,,
69.20093033333332,-150.889018,2013-08-11,3,1,61.800000000000004,61.800000000000004,,Schaefer_2020,,,,,,,,,
69.20374333333335,-150.67284766666668,2013-08-11,3,1,56.11666666666667,56.11666666666667,,Schaefer_2020,,,,,,,,,
69.170758,-150.4503875,2013-08-11,2,1,49.25,49.25,,Schaefer_2020,,,,,,,,,
69.29507799999999,-150.95328966666668,2013-08-11,3,1,52.23333333333333,52.23333333333333,,Schaefer_2020,,,,,,,,,
69.29420066666667,-150.71597533333332,2013-08-11,3,1,54.416666666666664,54.416666666666664,,Schaefer_2020,,,,,,,,,
69.40006792380952,-150.9116986,2013-08-11,63,1,59.91111111111111,59.91111111111111,,Schaefer_2020,,,,,,,,,
69.37334633333334,-150.66065366666666,2013-08-11,3,1,59.35,59.35,,Schaefer_2020,,,,,,,,,
69.67428233333334,-148.7165,2017-07-08,6,0,39.52380952380952,79.84126984126983,101.0,Wang_2018,,,,,,,,,
66.58882780125,-158.987507625,2022-09-15,16,1,63.0,84.375,120.0,Selawik,,,,,,,,,
66.49052926499999,-158.08282625,2022-09-15,4,0,85.0,102.5,120.0,Selawik,,,,,,,,,
66.43827636454546,-159.0339982727273,2022-09-15,11,1,75.0,95.45454545454545,120.0,Selawik,,,,,,,,,
64.97850770213657,-166.21443052139892,2019-09-15,395,1,,,,Seward,,,,,,,,,
69.16295,-158.0186,2010-06-15,2,1,62.5,100.0,101.0,Wang_2018,,,,,,,,,
62.391999999999996,-145.14600000000002,2016-12-15,2,1,75.0,100.0,101.0,Wang_2018,,,,,,,,,
68.4795,-155.74099999999999,2015-06-16,2,1,87.5,100.0,101.0,Wang_2018,,,,,,,,,
65.8363,-164.62529999999998,2016-12-15,2,0,,100.0,101.0,Wang_2018,,,,,,,,,
69.4305,-148.687,2016-12-15,2,0,,100.0,101.0,Wang_2018,,,,,,,,,
68.36093749999999,-133.69837136363643,2017-08-16,44,1,52.857142857142854,61.19047619047619,100.0,Zhang_2019,,23.370454545454546,,,,,,,
68.31556880000001,-133.486258,2017-08-18,5,1,62.07000000000001,62.07000000000001,100.0,Zhang_2019,,33.9,,,,,,,
68.41477471428571,-133.77113857142857,2017-08-16,7,1,72.675,81.78333333333333,100.0,Zhang_2019,,7.0,,,,,,,
69.32730099999999,-132.9938848387097,2017-08-20,31,1,52.282258064516135,52.282258064516135,100.0,Zhang_2019,,22.85483870967742,,,,,,,
69.39589682608695,-133.0265204347826,2017-08-20,23,1,56.690000000000005,58.57304347826087,100.0,Zhang_2019,,21.695652173913043,,,,,,,
66.711667,-144.779722,2010-08-19,1,1,181.0,181.0,,Pastick,,16.0,N,,,,,,
66.384167,-145.472222,2010-06-25,1,0,0.0,200.0,,Pastick,,0.0,N,,,,,,
66.548611,-144.874722,2011-06-22,1,1,35.0,35.0,,Pastick,,35.0,N,,,,,,
65.250278,-144.850556,2011-07-07,1,1,60.0,60.0,,Pastick,,30.0,N,,,,,,
0.0,0.0,2011-11-02,1,1,113.0,113.0,,Pastick,,14.0,N,,,,,,
65.122222,-145.199167,2011-08-01,1,0,0.0,126.0,,Pastick,,4.0,Y,,,,,,
65.361389,-145.100556,2011-07-10,1,0,0.0,35.0,,Pastick,,6.0,N,,,,,,
66.4775,-144.993333,2011-08-15,1,0,0.0,167.0,,Pastick,,7.0,N,,,,,,
61.5432986,-158.5377667,2012-08-30,1,1,72.0,125.0,,Pastick,,0.0,N,,,,,,
64.8846072,-165.4187314,2012-08-30,1,1,33.0,150.0,,Pastick,,0.0,N,,,,,,
64.5353317261,-163.418334961,2012-08-30,1,1,64.0,152.0,,Pastick,,0.0,N,,,,,,
61.54475,-164.9143333,2012-08-30,1,1,64.0,152.0,,Pastick,,0.0,N,,,,,,
59.8132667,-157.0513806,2013-11-29,1,1,31.0,90.0,,Pastick,,0.0,N,,,,,,
58.9275,-157.4519444,2013-11-29,1,1,45.0,100.0,,Pastick,,0.0,N,,,,,,
59.5833321,-159.0666656,2014-01-17,1,0,53.0,53.0,,Pastick,,0.0,N,,,,,,
66.0333328,-154.25,2014-01-17,1,0,47.0,80.0,,Pastick,,0.0,N,,,,,,
64.9166641,-157.6333313,2014-01-17,1,0,75.0,100.0,,Pastick,,0.0,N,,,,,,
61.5610928,-160.1886019,2012-08-30,1,0,96.0,200.0,,Pastick,,0.0,N,,,,,,
61.6636176,-156.8979672,2012-08-30,1,0,127.0,127.0,,Pastick,,0.0,N,,,,,,
61.9525898,-160.1923202,2012-08-30,1,0,140.0,160.0,,Pastick,,0.0,N,,,,,,
61.1940372,-158.5711681,2012-08-30,1,0,12.0,60.0,,Pastick,,0.0,N,,,,,,
61.7209474,-158.3252299,2012-08-30,1,0,47.0,999.0,,Pastick,,0.0,N,,,,,,
61.1386716,-159.764619,2012-08-30,1,0,62.0,150.0,,Pastick,,0.0,N,,,,,,
61.3896164,-160.2239817,2012-08-30,1,0,160.0,190.0,,Pastick,,0.0,N,,,,,,
60.3852778,-158.2702778,2013-11-29,1,0,170.0,180.0,,Pastick,,0.0,N,,,,,,
60.135,-158.0038889,2013-11-29,1,0,60.0,110.0,,Pastick,,0.0,N,,,,,,
58.9933333,-158.5433333,2013-11-29,1,0,98.0,180.0,,Pastick,,0.0,N,,,,,,
59.0836389,-154.2775556,2013-04-09,1,0,50.0,200.0,,Pastick,,0.0,N,,,,,,
63.86152237333389,-145.20092101816772,2004-07-21,1,0,0.0,200.0,,Pastick,2.0,0.0,N,,,,,,
63.968144787858016,-145.2400791795712,2004-07-29,1,0,0.0,65.0,,Pastick,1.0,26.0,N,,,,,,
64.05772555785444,-145.72360508138877,2004-09-28,1,0,0.0,80.0,,Pastick,4.0,7.0,N,,,,,,
63.19903423354919,-151.2319829010778,2002-08-30,1,0,0.0,150.0,,Pastick,1.0,1.0,N,,,,,,
63.8036139011499,-150.44822246811006,2002-09-03,1,0,0.0,150.0,,Pastick,1.0,4.0,N,,,,,,
63.93180787138205,-151.9982408817426,2002-08-30,1,1,54.0,54.0,,Pastick,1.0,5.0,N,,,,,,
63.98213596904012,-151.359068967731,2000-08-15,1,1,54.0,62.0,,Pastick,3.0,26.0,N,,,,,,
63.804434628621664,-149.47560218915666,2002-08-02,1,0,0.0,150.0,,Pastick,1.0,0.0,N,,,,,,
64.75792728772836,-146.8527557803414,1999-08-02,1,0,0.0,50.0,,Pastick,2.0,8.0,Y,,,,,,
64.71923350597939,-146.67653689993662,1999-08-26,1,0,0.0,54.0,,Pastick,2.0,5.0,N,,,,,,
63.772517935801496,-146.94460856989676,2003-07-22,1,1,30.0,52.0,,Pastick,5.0,52.0,N,,,,,,
63.77513453788075,-146.6756029185013,2003-07-22,1,0,0.0,152.0,,Pastick,3.0,8.0,N,,,,,,
63.4390254651221,-145.83100374391466,1998-07-23,1,0,0.0,152.0,,Pastick,1.0,10.0,N,,,,,,
63.11331614448534,-145.99174173969172,1997-06-18,1,0,0.0,152.0,,Pastick,3.0,5.0,N,,,,,,
65.26257135836053,-143.55583835938634,2008-08-18,1,1,51.0,57.0,,Pastick,,45.0,N,,,,,,
60.52358,-117.02277,2012-08-18,1,1,100.0,100.0,,Schaefer_2020,,,,,,,,,
62.38303,-113.38303,2013-08-10,1,1,74.83333333,74.83333333,,Schaefer_2020,,,,,,,,,
68.63,-150.27,2013-08-11,1,1,47.7,47.7,,Schaefer_2020,,,,,,,,,
68.920772,-150.036893,2013-08-11,1,1,52.35,52.35,,Schaefer_2020,,,,,,,,,
68.950556,-150.835485,2013-08-11,1,1,47.05,47.05,,Schaefer_2020,,,,,,,,,
68.98135,-148.83099,2014-08-13,1,1,88.0,88.0,,Schaefer_2020,,,,,,,,,
69.017626,-150.915936,2013-08-11,1,1,48.85,48.85,,Schaefer_2020,,,,,,,,,
69.083073,-150.192424,2013-08-11,1,1,55.2,55.2,,Schaefer_2020,,,,,,,,,
69.125093,-148.148851,2014-08-11,1,1,37.7,37.7,,Schaefer_2020,,,,,,,,,
69.142566,-150.920629,2013-08-11,1,1,42.95,42.95,,Schaefer_2020,,,,,,,,,
69.281249,-150.478394,2013-08-11,1,1,47.15,47.15,,Schaefer_2020,,,,,,,,,
69.429722,-150.873225,2013-08-11,1,1,53.1,53.1,,Schaefer_2020,,,,,,,,,
70.03275,-148.641444,2018-08-24,1,1,43.59090909090909,43.59090909090909,,Schaefer_2020,,,,,,,,,
67.4749,-162.2664,2016-12-15,1,0,,100.0,101.0,Wang_2018,,,,,,,,,
67.7142,-150.585,2016-12-15,1,0,,100.0,101.0,Wang_2018,,,,,,,,,
62.12400000000001,-141.847,2016-12-15,1,0,,100.0,101.0,Wang_2018,,,,,,,,,
61.274,-142.621,2016-12-15,1,0,,100.0,101.0,Wang_2018,,,,,,,,,
69.972,-144.7706,2015-12-15,1,1,50.0,100.0,101.0,Wang_2018,,,,,,,,,
68.069,-149.58,2016-12-15,1,1,75.0,100.0,101.0,Wang_2018,,,,,,,,,
66.2759,-164.5309,2016-12-15,1,0,,100.0,101.0,Wang_2018,,,,,,,,,
70.8645,-153.90670000000003,2015-12-15,1,1,50.0,100.0,101.0,Wang_2018,,,,,,,,,
65.2752,-163.82,2016-12-15,1,0,,100.0,101.0,Wang_2018,,,,,,,,,
70.5685,-152.965,2015-12-15,1,1,50.0,100.0,101.0,Wang_2018,,,,,,,,,
70.3352,-152.052,2015-12-15,1,1,50.0,100.0,101.0,Wang_2018,,,,,,,,,
61.603,-143.013,2016-12-15,1,0,,100.0,101.0,Wang_2018,,,,,,,,,
68.156,-156.8958,2016-12-15,1,0,,100.0,101.0,Wang_2018,,,,,,,,,
67.5448,-157.0774,2016-12-15,1,0,,100.0,101.0,Wang_2018,,,,,,,,,
70.4416,-154.3656,2015-12-15,1,1,75.0,100.0,101.0,Wang_2018,,,,,,,,,
69.9896,-153.0938,2015-12-15,1,1,75.0,100.0,101.0,Wang_2018,,,,,,,,,
67.5734,-158.4317,2016-12-15,1,0,,100.0,101.0,Wang_2018,,,,,,,,,
68.3165,-161.4918,2016-12-15,1,0,,100.0,101.0,Wang_2018,,,,,,,,,
69.7516,-154.6176,2015-12-15,1,0,,100.0,101.0,Wang_2018,,,,,,,,,
70.6898,-152.6333,2015-12-15,1,0,,100.0,101.0,Wang_2018,,,,,,,,,
67.1414,-162.9945,2016-12-15,1,0,,100.0,101.0,Wang_2018,,,,,,,,,
69.7776,-144.7933,2015-12-15,1,1,75.0,100.0,101.0,Wang_2018,,,,,,,,,
69.8894,-142.9839,2015-12-15,1,1,75.0,100.0,101.0,Wang_2018,,,,,,,,,
67.7663,-152.1642,2016-12-15,1,0,,100.0,101.0,Wang_2018,,,,,,,,,
70.0366,-157.0814,2015-12-15,1,1,75.0,100.0,101.0,Wang_2018,,,,,,,,,
67.6243,-154.3446,2016-12-15,1,0,,100.0,101.0,Wang_2018,,,,,,,,,
62.71,-150.54,2016-12-15,1,0,,100.0,101.0,Wang_2018,,,,,,,,,
68.6816,-144.8421,2015-12-15,1,1,100.0,100.0,101.0,Wang_2018,,,,,,,,,
67.4599,-159.8413,2016-12-15,1,0,,100.0,101.0,Wang_2018,,,,,,,,,
67.995,-160.3957,2016-12-15,1,0,,100.0,101.0,Wang_2018,,,,,,,,,
66.606,-160.01899999999998,2016-12-15,1,1,75.0,100.0,101.0,Wang_2018,,,,,,,,,
70.6285,-156.8353,2015-12-15,1,1,50.0,100.0,101.0,Wang_2018,,,,,,,,,
67.5502,-163.5672,2016-12-15,1,0,,100.0,101.0,Wang_2018,,,,,,,,,
60.908,-142.901,2016-12-15,1,0,,100.0,101.0,Wang_2018,,,,,,,,,
61.181,-144.342,2016-12-15,1,0,,100.0,101.0,Wang_2018,,,,,,,,,
70.1959,-161.07809999999998,2015-12-15,1,1,75.0,100.0,101.0,Wang_2018,,,,,,,,,
64.517,-143.202,2016-12-15,1,0,,100.0,101.0,Wang_2018,,,,,,,,,
69.3957,-152.1428,2015-12-15,1,1,50.0,100.0,101.0,Wang_2018,,,,,,,,,
70.374,-148.552,2016-12-15,1,1,50.0,100.0,101.0,Wang_2018,,,,,,,,,
